Workbook

Sheet Instrucciones de uso
A1: INSTRUCCIONES DE USO Y DILIGENCIAMIENTO · HERRAMIENTA CF1
A2: Programa 22230071_v1 · Componente formativo 1 · Alistamiento y validación de datos de precipitación. Esta guía está dirigida al aprendiz y debe leerse antes de modificar las hojas 1, 2 y 3.
A5: 1. PROPÓSITO FORMATIVO
A6: Organizar, documentar y validar información histórica y proyectada de precipitación para que pueda utilizarse de manera trazable en análisis posteriores. Al finalizar, el aprendiz debe diferenciar dato de entrada, fórmula, alerta y ejemplo; reconocer vacíos, duplicados, unidades incompatibles y registros sin fuente; y presentar una base apta para continuar con el componente formativo 2.
A9: 2. ANTES DE EMPEZAR
A10: 1 | B10: Defina el área de estudio, el área de captación, el municipio, las coordenadas y el sistema de referencia. | G10: 4 | H10: Disponga de proyecciones con escenario SSP, horizonte, modelo o producto, fuente y unidad claramente identificados.
A11: 2 | B11: Seleccione fuentes oficiales o técnicamente trazables y conserve URL, producto, versión, periodo y fecha de consulta. | G11: 5 | H11: Guarde una copia del archivo original y trabaje sobre una versión identificada con su nombre, ficha y fecha.
A12: 3 | B12: Disponga de una serie mensual histórica suficientemente continua; para el ejercicio se espera una referencia de 30 años. | G12: 6 | H12: Recuerde: una celda vacía significa dato ausente; el valor cero significa ausencia medida de precipitación. No son equivalentes.
A14: 3. CÓDIGO DE COLORES
A15: ENTRADA | D15: FÓRMULA | G15: ALERTA | J15: EJEMPLO
A16: Diligencie o reemplace datos | D16: Resultado automático; no sobrescribir | G16: Revise antes de avanzar | J16: Dato demostrativo; sustituir
A18: 4. RUTA DE DILIGENCIAMIENTO
A19: Paso | B19: Pestaña / bloque | D19: Acción del aprendiz | G19: Dónde diligenciar | J19: Control antes de continuar
A20: 1 | B20: Hoja 1 · Área y fuentes | D20: Reemplace la identificación del caso didáctico y registre la localización, el área de captación y los metadatos espaciales. | G20: Celdas azules de los bloques LOCALIZACIÓN y METADATO ESPACIAL. | J20: Los datos describen el mismo sitio y las unidades corresponden a cada encabezado.
A21: 2 | B21: Hoja 1 · Fuentes y trazabilidad | D21: Registre cada estación, producto o fuente; actualice el diccionario de variables y anote decisiones en la bitácora. | G21: Filas azules de FUENTES, DICCIONARIO y BITÁCORA. | J21: Toda serie tiene código, periodo, frecuencia, unidad, versión, fuente, fecha y limitaciones.
A22: 3 | B22: Hoja 2 · Histórico | D22: Pegue la serie mensual en los campos de entrada. Conserve fechas ordenadas, unidad mm y una observación por fila. | G22: Solo columnas azules: Fecha, precipitación, unidad, calidad y observaciones. No pegue sobre columnas verdes. | J22: No hay fechas duplicadas, valores negativos ni meses faltantes sin documentar; el estado de control queda APTA.
A23: 4 | B23: Hoja 3 · Proyecciones | D23: Registre escenario, horizonte, año, mes, precipitación proyectada, unidad, modelo, fuente y observaciones. | G23: Solo columnas azules. Las columnas verdes calculan referencia histórica y cambios absoluto y porcentual. | J23: Cada proyección conserva escenario, horizonte, modelo y fuente; no hay valores negativos y el estado queda APTA.
A24: 5 | B24: Gráficos y producto | D24: Revise tendencias históricas, comportamiento mensual y signo del cambio proyectado. Redacte una interpretación breve basada en los datos. | G24: Gráficos y resúmenes de las hojas 2 y 3; evidencia complementaria del aprendiz. | J24: Los gráficos responden a los datos cargados y la interpretación menciona periodo, fuente, unidades, incertidumbres y limitaciones.
A26: 5. REGLAS CRÍTICAS Y ERRORES FRECUENTES
A27: 1 | B27: No escriba unidades dentro de las celdas numéricas; utilice la unidad indicada en el encabezado. | G27: 4 | H27: No complete vacíos con cero sin evidencia. Registre el faltante, la decisión adoptada y su efecto.
A28: 2 | B28: No mezcle datos diarios, mensuales y anuales sin documentar el procedimiento de agregación. | G28: 5 | H28: No interprete una proyección como pronóstico exacto; compare escenarios y declare la fuente y la incertidumbre.
A29: 3 | B29: No sobrescriba celdas verdes: contienen fórmulas que garantizan la articulación entre hojas. | G29: 6 | H29: Sustituya todos los datos demostrativos antes de utilizar el libro en un estudio o recomendación técnica.
A31: 6. PRODUCTO ESPERADO DEL APRENDIZ
A32: Entregue el libro con: (1) ficha del área y fuentes completas; (2) serie histórica mensual validada; (3) base de proyecciones con escenario, horizonte, modelo y fuente; (4) diccionario y bitácora actualizados; (5) gráficos revisados; y (6) una interpretación breve que describa hallazgos, controles aplicados, incertidumbres y limitaciones. Nombre sugerido: CF1_Apellidos_Nombre_Ficha_Fecha.xlsx.
A36: 7. LISTA DE VERIFICACIÓN ANTES DE ENTREGAR
A37: ☐ | B37: Reemplacé los datos de ejemplo e identifiqué claramente el área de estudio y el área de captación.
A38: ☐ | B38: Registré fuente, versión, periodo, frecuencia, unidad, fecha de consulta y limitaciones de cada conjunto de datos.
A39: ☐ | B39: La serie histórica está ordenada, sin duplicados ni valores negativos, y los vacíos están documentados.
A40: ☐ | B40: Las proyecciones incluyen escenario SSP, horizonte, modelo o producto, fuente y unidad.
A41: ☐ | B41: No sobrescribí fórmulas y revisé las alertas hasta obtener un estado apto o justificar la novedad.
A42: ☐ | B42: Actualicé la bitácora, revisé los gráficos y redacté una interpretación coherente con los resultados.
A44: IMPORTANTE: los datos precargados son exclusivamente didácticos. La calidad del análisis depende de la trazabilidad, consistencia temporal, unidad, cobertura y representatividad de los datos que incorpore el aprendiz.

Sheet Hoja 1 - Área y fuentes
A1: HERRAMIENTA CF1 · ALISTAMIENTO Y VALIDACIÓN DE DATOS DE PRECIPITACIÓN
A2: Programa 22230071_v1 · RA1 · Registre el área, documente las fuentes y conserve la trazabilidad. Los datos precargados son exclusivamente demostrativos y deben sustituirse por información verificable.
A4: LEYENDA | B4: Entrada | C4: Fórmula | D4: Alerta | E4: Ejemplo | F4: Unidades en encabezado
A6: HOJA 1 · LOCALIZACIÓN DEL ÁREA DE ESTUDIO
A7: Campo | B7: Valor | D7: Metadato espacial | E7: Valor | G7: Criterio de trazabilidad: cada dato debe responder qué variable representa, de dónde proviene, qué intervalo y área describe, en qué unidad está, qué tratamiento recibió y qué limitación condiciona su uso.
A8: Identificador del estudio | B8: CASO-DID-001 | D8: Sistema de referencia | E8: MAGNA-SIRGAS / WGS84
A9: Nombre del área | B9: Caso didáctico — reemplazar | D9: Cobertura espacial | E9: Punto / polígono del caso
A10: Municipio | B10: Municipio de ejemplo | D10: Responsable del registro | E10: Aprendiz
A11: Departamento | B11: Departamento de ejemplo | D11: Fecha de actualización | E11: 46250
A12: Latitud (°) | B12: 4.7
A13: Longitud (°) | B13: -74.1
A14: Altitud (m s. n. m.) | B14: 2600
A15: Área de estudio (km²) | B15: 1
A16: Área de captación prevista (m²) | B16: 250
A18: REGISTRO DE ESTACIONES, PRODUCTOS Y FUENTES CLIMÁTICAS
A19: ID | B19: Tipo de fuente | C19: Estación / producto | D19: Código | E19: Latitud | F19: Longitud | G19: Altitud (m) | H19: Periodo disponible | I19: Frecuencia | J19: Variable | K19: Unidad | L19: Resolución / versión | M19: Fuente o URL | N19: Fecha consulta | O19: Limitaciones / observaciones
A20: F-01 | B20: Ejemplo didáctico | C20: Serie sintética de capacitación | D20: DID-001 | E20: 4.7 | F20: -74.1 | G20: 2600 | H20: 1981-2010 | I20: Mensual | J20: Precipitación | K20: mm | L20: v1 demostrativa | M20: Sustituir por IDEAM u otra fuente oficial | N20: 46250 | O20: No usar para estudios reales
A21: F-02 | B21: Fuente oficial | C21: Registrar fuente de contraste | J21: Precipitación | K21: mm | O21: Pendiente de diligenciamiento
A22: F-03
A23: F-04
A26: DICCIONARIO DE VARIABLES | I26: BITÁCORA DE CONTROL Y DECISIONES
A27: Variable | B27: Hoja | C27: Definición / función | D27: Tipo | E27: Unidad / formato | F27: Regla de control | G27: Obligatorio | I27: Fecha | J27: Responsable | K27: Hoja | L27: Acción | M27: Registros | N27: Hallazgo / decisión | O27: Evidencia
A28: Fecha | B28: Hoja 2 | C28: Mes al que corresponde el registro histórico. | D28: Fecha | E28: yyyy-mm-dd | F28: Sin duplicados; secuencia mensual | G28: Sí | I28: 46250 | J28: Aprendiz | K28: Hojas 1-3 | L28: Carga de ejemplo | M28: 552 | N28: Serie y proyecciones demostrativas; sustituir antes de uso técnico. | O28: Archivo Excel
A29: Precipitación histórica | B29: Hoja 2 | C29: Acumulado observado del periodo. | D29: Número | E29: mm | F29: Vacío ≠ cero; valor no negativo | G29: Sí
A30: Calidad del dato | B30: Hoja 2 | C30: Condición asignada después de revisar el registro. | D30: Categoría | E30: Lista | F30: Usar vocabulario controlado | G30: Sí
A31: Escenario SSP | B31: Hoja 3 | C31: Trayectoria socioeconómica y nivel de forzamiento. | D31: Categoría | E31: SSP | F31: Lista de cuatro escenarios | G31: Sí
A32: Horizonte | B32: Hoja 3 | C32: Periodo futuro al que corresponde la proyección. | D32: Categoría | E32: aaaa-aaaa | F32: Lista de cuatro periodos | G32: Sí
A33: Precipitación proyectada | B33: Hoja 3 | C33: Valor futuro obtenido de una fuente o modelo climático. | D33: Número | E33: mm | F33: No negativo; conservar fuente/modelo | G33: Sí
A34: Cambio absoluto | B34: Hoja 3 | C34: Diferencia entre precipitación futura y de referencia. | D34: Fórmula | E34: mm | F34: P futuro − P referencia | G34: Automático
A35: Cambio porcentual | B35: Hoja 3 | C35: Variación relativa frente al periodo histórico. | D35: Fórmula | E35: % | F35: (P futuro − P ref.) / P ref. | G35: Automático
A38: Producto asociado: ficha técnica del área, registro de fuentes, diccionario de variables y bitácora de control. Fuente curricular: CF1.docx, capítulo “Herramienta para presentación de datos históricos y proyectados”.

Sheet Hoja 2 - Histórico
A1: HOJA 2 · DATOS HISTÓRICOS DE PRECIPITACIÓN
A2: Pregunta orientadora: ¿Cómo se ha comportado la precipitación en el área de estudio durante el periodo histórico? Reemplace la serie demostrativa por registros oficiales y conserve fecha, estación, unidad, calidad, fuente y observaciones.
A4: LEYENDA | B4: Entrada | C4: Fórmula | D4: Alerta | E4: Ejemplo | F4: Unidades en encabezado
A6: TABLERO DE CALIDAD Y COMPLETITUD | N6: RESUMEN CLIMATOLÓGICO MENSUAL
A7: Indicador | B7: Resultado | C7: Indicador | D7: Resultado | E7: Indicador | F7: Resultado | G7: Indicador | H7: Resultado | I7: Indicador | J7: Resultado | K7: Indicador | L7: Resultado | N7: Mes n.º | O7: Mes | P7: Promedio (mm) | Q7: Registros
A8: Fecha inicial | B8: =MIN(A20:A379) -> 29587 | C8: Fecha final | D8: =MAX(A20:A379) -> 40513 | E8: Registros esperados | F8: 360 | G8: Registros válidos | H8: =COUNT(G20:G379) -> 360 | I8: % faltantes | J8: =COUNTBLANK(G20:G379)/F8 -> 0 | K8: Estado general | L8: =IF(AND(B9=0,D9=0,F9=0,J8=0),"APTA PARA ANÁLISIS","REVISAR ANTES DE USAR") -> APTA PARA ANÁLISIS | N8: 1 | O8: Enero | P8: =AVERAGEIF($C$20:$C$379,N8,$G$20:$G$379) -> 64.923333 | Q8: =COUNTIF($C$20:$C$379,N8) -> 30
A9: Valores negativos | B9: =COUNTIF(G20:G379,"<0") -> 0 | C9: Unidades distintas de mm | D9: =COUNTIF(H20:H379,"<>mm") -> 0 | E9: Fechas duplicadas | F9: =COUNTIF(L20:L379,"DUPLICADO") -> 0 | G9: Promedio mensual (mm) | H9: =AVERAGE(G20:G379) -> 105.81444 | I9: Mínimo mensual (mm) | J9: =MIN(G20:G379) -> 56.3 | K9: Máximo mensual (mm) | L9: =MAX(G20:G379) -> 182.3 | N9: 2 | O9: Febrero | P9: =AVERAGEIF($C$20:$C$379,N9,$G$20:$G$379) -> 75.066667 | Q9: =COUNTIF($C$20:$C$379,N9) -> 30
A10: Años completos | B10: =COUNTIF(P24:P53,12) -> 30 | C10: Horizonte requerido | D10: 30 | E10: Ceros válidos | F10: =COUNTIF(G20:G379,0) -> 0 | G10: Fuente principal | H10: ='Hoja 1 - Área y fuentes'!C20 -> Serie sintética de capacitación | I10: Periodo de referencia | J10: 1981-2010 | K10: Naturaleza | L10: Ejemplo didáctico | N10: 3 | O10: Marzo | P10: =AVERAGEIF($C$20:$C$379,N10,$G$20:$G$379) -> 110.1 | Q10: =COUNTIF($C$20:$C$379,N10) -> 30
N11: 4 | O11: Abril | P11: =AVERAGEIF($C$20:$C$379,N11,$G$20:$G$379) -> 154.97 | Q11: =COUNTIF($C$20:$C$379,N11) -> 30
A12: Regla de calidad: una celda vacía significa dato faltante; el valor 0 significa ausencia de precipitación medible. No sustituya vacíos por ceros. Antes de analizar, revise continuidad, duplicados, valores negativos, unidades y procedencia. | N12: 5 | O12: Mayo | P12: =AVERAGEIF($C$20:$C$379,N12,$G$20:$G$379) -> 139.87333 | Q12: =COUNTIF($C$20:$C$379,N12) -> 30
N13: 6 | O13: Junio | P13: =AVERAGEIF($C$20:$C$379,N13,$G$20:$G$379) -> 84.956667 | Q13: =COUNTIF($C$20:$C$379,N13) -> 30
N14: 7 | O14: Julio | P14: =AVERAGEIF($C$20:$C$379,N14,$G$20:$G$379) -> 70.03 | Q14: =COUNTIF($C$20:$C$379,N14) -> 30
N15: 8 | O15: Agosto | P15: =AVERAGEIF($C$20:$C$379,N15,$G$20:$G$379) -> 75.036667 | Q15: =COUNTIF($C$20:$C$379,N15) -> 30
N16: 9 | O16: Septiembre | P16: =AVERAGEIF($C$20:$C$379,N16,$G$20:$G$379) -> 119.96667 | Q16: =COUNTIF($C$20:$C$379,N16) -> 30
A17: MATRIZ TRAZABLE · 30 AÑOS × 12 MESES | N17: 10 | O17: Octubre | P17: =AVERAGEIF($C$20:$C$379,N17,$G$20:$G$379) -> 159.85333 | Q17: =COUNTIF($C$20:$C$379,N17) -> 30
N18: 11 | O18: Noviembre | P18: =AVERAGEIF($C$20:$C$379,N18,$G$20:$G$379) -> 134.94667 | Q18: =COUNTIF($C$20:$C$379,N18) -> 30
A19: Fecha | B19: Año | C19: Mes n.º | D19: Mes | E19: Estación / producto | F19: Código | G19: Precipitación (mm) | H19: Unidad | I19: Calidad del dato | J19: Fuente | K19: Observaciones | L19: Control | N19: 12 | O19: Diciembre | P19: =AVERAGEIF($C$20:$C$379,N19,$G$20:$G$379) -> 80.05 | Q19: =COUNTIF($C$20:$C$379,N19) -> 30
A20: 29587 | B20: 1981 | C20: 1 | D20: Enero | E20: ='Hoja 1 - Área y fuentes'!C20 -> Serie sintética de capacitación | F20: ='Hoja 1 - Área y fuentes'!D20 -> DID-001 | G20: 67.2 | H20: mm | I20: Ejemplo didáctico | J20: ='Hoja 1 - Área y fuentes'!M20 -> Sustituir por IDEAM u otra fuente oficial | K20: Sustituir por dato oficial | L20: =IF(G20="","FALTANTE",IF(G20<0,"NEGATIVO",IF(H20<>"mm","UNIDAD",IF(COUNTIF($A$20:A20,A20)>1,"DUPLICADO","OK")))) -> OK
A21: 29618 | B21: 1981 | C21: 2 | D21: Febrero | E21: ='Hoja 1 - Área y fuentes'!C20 -> Serie sintética de capacitación | F21: ='Hoja 1 - Área y fuentes'!D20 -> DID-001 | G21: 76.5 | H21: mm | I21: Ejemplo didáctico | J21: ='Hoja 1 - Área y fuentes'!M20 -> Sustituir por IDEAM u otra fuente oficial | K21: Sustituir por dato oficial | L21: =IF(G21="","FALTANTE",IF(G21<0,"NEGATIVO",IF(H21<>"mm","UNIDAD",IF(COUNTIF($A$20:A21,A21)>1,"DUPLICADO","OK")))) -> OK
A22: 29646 | B22: 1981 | C22: 3 | D22: Marzo | E22: ='Hoja 1 - Área y fuentes'!C20 -> Serie sintética de capacitación | F22: ='Hoja 1 - Área y fuentes'!D20 -> DID-001 | G22: 110.4 | H22: mm | I22: Ejemplo didáctico | J22: ='Hoja 1 - Área y fuentes'!M20 -> Sustituir por IDEAM u otra fuente oficial | K22: Sustituir por dato oficial | L22: =IF(G22="","FALTANTE",IF(G22<0,"NEGATIVO",IF(H22<>"mm","UNIDAD",IF(COUNTIF($A$20:A22,A22)>1,"DUPLICADO","OK")))) -> OK | N22: RESUMEN ANUAL
A23: 29677 | B23: 1981 | C23: 4 | D23: Abril | E23: ='Hoja 1 - Área y fuentes'!C20 -> Serie sintética de capacitación | F23: ='Hoja 1 - Área y fuentes'!D20 -> DID-001 | G23: 153.1 | H23: mm | I23: Ejemplo didáctico | J23: ='Hoja 1 - Área y fuentes'!M20 -> Sustituir por IDEAM u otra fuente oficial | K23: Sustituir por dato oficial | L23: =IF(G23="","FALTANTE",IF(G23<0,"NEGATIVO",IF(H23<>"mm","UNIDAD",IF(COUNTIF($A$20:A23,A23)>1,"DUPLICADO","OK")))) -> OK | N23: Año | O23: Precipitación anual (mm) | P23: Meses con dato | Q23: Control
A24: 29707 | B24: 1981 | C24: 5 | D24: Mayo | E24: ='Hoja 1 - Área y fuentes'!C20 -> Serie sintética de capacitación | F24: ='Hoja 1 - Área y fuentes'!D20 -> DID-001 | G24: 136.2 | H24: mm | I24: Ejemplo didáctico | J24: ='Hoja 1 - Área y fuentes'!M20 -> Sustituir por IDEAM u otra fuente oficial | K24: Sustituir por dato oficial | L24: =IF(G24="","FALTANTE",IF(G24<0,"NEGATIVO",IF(H24<>"mm","UNIDAD",IF(COUNTIF($A$20:A24,A24)>1,"DUPLICADO","OK")))) -> OK | N24: 1981 | O24: =SUMIF($B$20:$B$379,N24,$G$20:$G$379) -> 1248.6 | P24: =COUNTIF($B$20:$B$379,N24) -> 12 | Q24: =IF(P24=12,"COMPLETO","REVISAR") -> COMPLETO
A25: 29738 | B25: 1981 | C25: 6 | D25: Junio | E25: ='Hoja 1 - Área y fuentes'!C20 -> Serie sintética de capacitación | F25: ='Hoja 1 - Área y fuentes'!D20 -> DID-001 | G25: 81.7 | H25: mm | I25: Ejemplo didáctico | J25: ='Hoja 1 - Área y fuentes'!M20 -> Sustituir por IDEAM u otra fuente oficial | K25: Sustituir por dato oficial | L25: =IF(G25="","FALTANTE",IF(G25<0,"NEGATIVO",IF(H25<>"mm","UNIDAD",IF(COUNTIF($A$20:A25,A25)>1,"DUPLICADO","OK")))) -> OK | N25: 1982 | O25: =SUMIF($B$20:$B$379,N25,$G$20:$G$379) -> 1390.3 | P25: =COUNTIF($B$20:$B$379,N25) -> 12 | Q25: =IF(P25=12,"COMPLETO","REVISAR") -> COMPLETO
A26: 29768 | B26: 1981 | C26: 7 | D26: Julio | E26: ='Hoja 1 - Área y fuentes'!C20 -> Serie sintética de capacitación | F26: ='Hoja 1 - Área y fuentes'!D20 -> DID-001 | G26: 66.9 | H26: mm | I26: Ejemplo didáctico | J26: ='Hoja 1 - Área y fuentes'!M20 -> Sustituir por IDEAM u otra fuente oficial | K26: Sustituir por dato oficial | L26: =IF(G26="","FALTANTE",IF(G26<0,"NEGATIVO",IF(H26<>"mm","UNIDAD",IF(COUNTIF($A$20:A26,A26)>1,"DUPLICADO","OK")))) -> OK | N26: 1983 | O26: =SUMIF($B$20:$B$379,N26,$G$20:$G$379) -> 1349.6 | P26: =COUNTIF($B$20:$B$379,N26) -> 12 | Q26: =IF(P26=12,"COMPLETO","REVISAR") -> COMPLETO
A27: 29799 | B27: 1981 | C27: 8 | D27: Agosto | E27: ='Hoja 1 - Área y fuentes'!C20 -> Serie sintética de capacitación | F27: ='Hoja 1 - Área y fuentes'!D20 -> DID-001 | G27: 71.7 | H27: mm | I27: Ejemplo didáctico | J27: ='Hoja 1 - Área y fuentes'!M20 -> Sustituir por IDEAM u otra fuente oficial | K27: Sustituir por dato oficial | L27: =IF(G27="","FALTANTE",IF(G27<0,"NEGATIVO",IF(H27<>"mm","UNIDAD",IF(COUNTIF($A$20:A27,A27)>1,"DUPLICADO","OK")))) -> OK | N27: 1984 | O27: =SUMIF($B$20:$B$379,N27,$G$20:$G$379) -> 1168.8 | P27: =COUNTIF($B$20:$B$379,N27) -> 12 | Q27: =IF(P27=12,"COMPLETO","REVISAR") -> COMPLETO
A28: 29830 | B28: 1981 | C28: 9 | D28: Septiembre | E28: ='Hoja 1 - Área y fuentes'!C20 -> Serie sintética de capacitación | F28: ='Hoja 1 - Área y fuentes'!D20 -> DID-001 | G28: 115.4 | H28: mm | I28: Ejemplo didáctico | J28: ='Hoja 1 - Área y fuentes'!M20 -> Sustituir por IDEAM u otra fuente oficial | K28: Sustituir por dato oficial | L28: =IF(G28="","FALTANTE",IF(G28<0,"NEGATIVO",IF(H28<>"mm","UNIDAD",IF(COUNTIF($A$20:A28,A28)>1,"DUPLICADO","OK")))) -> OK | N28: 1985 | O28: =SUMIF($B$20:$B$379,N28,$G$20:$G$379) -> 1146.3 | P28: =COUNTIF($B$20:$B$379,N28) -> 12 | Q28: =IF(P28=12,"COMPLETO","REVISAR") -> COMPLETO
A29: 29860 | B29: 1981 | C29: 10 | D29: Octubre | E29: ='Hoja 1 - Área y fuentes'!C20 -> Serie sintética de capacitación | F29: ='Hoja 1 - Área y fuentes'!D20 -> DID-001 | G29: 155.7 | H29: mm | I29: Ejemplo didáctico | J29: ='Hoja 1 - Área y fuentes'!M20 -> Sustituir por IDEAM u otra fuente oficial | K29: Sustituir por dato oficial | L29: =IF(G29="","FALTANTE",IF(G29<0,"NEGATIVO",IF(H29<>"mm","UNIDAD",IF(COUNTIF($A$20:A29,A29)>1,"DUPLICADO","OK")))) -> OK | N29: 1986 | O29: =SUMIF($B$20:$B$379,N29,$G$20:$G$379) -> 1307 | P29: =COUNTIF($B$20:$B$379,N29) -> 12 | Q29: =IF(P29=12,"COMPLETO","REVISAR") -> COMPLETO
A30: 29891 | B30: 1981 | C30: 11 | D30: Noviembre | E30: ='Hoja 1 - Área y fuentes'!C20 -> Serie sintética de capacitación | F30: ='Hoja 1 - Área y fuentes'!D20 -> DID-001 | G30: 133.4 | H30: mm | I30: Ejemplo didáctico | J30: ='Hoja 1 - Área y fuentes'!M20 -> Sustituir por IDEAM u otra fuente oficial | K30: Sustituir por dato oficial | L30: =IF(G30="","FALTANTE",IF(G30<0,"NEGATIVO",IF(H30<>"mm","UNIDAD",IF(COUNTIF($A$20:A30,A30)>1,"DUPLICADO","OK")))) -> OK | N30: 1987 | O30: =SUMIF($B$20:$B$379,N30,$G$20:$G$379) -> 1410.1 | P30: =COUNTIF($B$20:$B$379,N30) -> 12 | Q30: =IF(P30=12,"COMPLETO","REVISAR") -> COMPLETO
A31: 29921 | B31: 1981 | C31: 12 | D31: Diciembre | E31: ='Hoja 1 - Área y fuentes'!C20 -> Serie sintética de capacitación | F31: ='Hoja 1 - Área y fuentes'!D20 -> DID-001 | G31: 80.4 | H31: mm | I31: Ejemplo didáctico | J31: ='Hoja 1 - Área y fuentes'!M20 -> Sustituir por IDEAM u otra fuente oficial | K31: Sustituir por dato oficial | L31: =IF(G31="","FALTANTE",IF(G31<0,"NEGATIVO",IF(H31<>"mm","UNIDAD",IF(COUNTIF($A$20:A31,A31)>1,"DUPLICADO","OK")))) -> OK | N31: 1988 | O31: =SUMIF($B$20:$B$379,N31,$G$20:$G$379) -> 1307.6 | P31: =COUNTIF($B$20:$B$379,N31) -> 12 | Q31: =IF(P31=12,"COMPLETO","REVISAR") -> COMPLETO
A32: 29952 | B32: 1982 | C32: 1 | D32: Enero | E32: ='Hoja 1 - Área y fuentes'!C20 -> Serie sintética de capacitación | F32: ='Hoja 1 - Área y fuentes'!D20 -> DID-001 | G32: 72.2 | H32: mm | I32: Ejemplo didáctico | J32: ='Hoja 1 - Área y fuentes'!M20 -> Sustituir por IDEAM u otra fuente oficial | K32: Sustituir por dato oficial | L32: =IF(G32="","FALTANTE",IF(G32<0,"NEGATIVO",IF(H32<>"mm","UNIDAD",IF(COUNTIF($A$20:A32,A32)>1,"DUPLICADO","OK")))) -> OK | N32: 1989 | O32: =SUMIF($B$20:$B$379,N32,$G$20:$G$379) -> 1151 | P32: =COUNTIF($B$20:$B$379,N32) -> 12 | Q32: =IF(P32=12,"COMPLETO","REVISAR") -> COMPLETO
A33: 29983 | B33: 1982 | C33: 2 | D33: Febrero | E33: ='Hoja 1 - Área y fuentes'!C20 -> Serie sintética de capacitación | F33: ='Hoja 1 - Área y fuentes'!D20 -> DID-001 | G33: 80.9 | H33: mm | I33: Ejemplo didáctico | J33: ='Hoja 1 - Área y fuentes'!M20 -> Sustituir por IDEAM u otra fuente oficial | K33: Sustituir por dato oficial | L33: =IF(G33="","FALTANTE",IF(G33<0,"NEGATIVO",IF(H33<>"mm","UNIDAD",IF(COUNTIF($A$20:A33,A33)>1,"DUPLICADO","OK")))) -> OK | N33: 1990 | O33: =SUMIF($B$20:$B$379,N33,$G$20:$G$379) -> 1172.5 | P33: =COUNTIF($B$20:$B$379,N33) -> 12 | Q33: =IF(P33=12,"COMPLETO","REVISAR") -> COMPLETO
A34: 30011 | B34: 1982 | C34: 3 | D34: Marzo | E34: ='Hoja 1 - Área y fuentes'!C20 -> Serie sintética de capacitación | F34: ='Hoja 1 - Área y fuentes'!D20 -> DID-001 | G34: 116.8 | H34: mm | I34: Ejemplo didáctico | J34: ='Hoja 1 - Área y fuentes'!M20 -> Sustituir por IDEAM u otra fuente oficial | K34: Sustituir por dato oficial | L34: =IF(G34="","FALTANTE",IF(G34<0,"NEGATIVO",IF(H34<>"mm","UNIDAD",IF(COUNTIF($A$20:A34,A34)>1,"DUPLICADO","OK")))) -> OK | N34: 1991 | O34: =SUMIF($B$20:$B$379,N34,$G$20:$G$379) -> 1341.1 | P34: =COUNTIF($B$20:$B$379,N34) -> 12 | Q34: =IF(P34=12,"COMPLETO","REVISAR") -> COMPLETO
A35: 30042 | B35: 1982 | C35: 4 | D35: Abril | E35: ='Hoja 1 - Área y fuentes'!C20 -> Serie sintética de capacitación | F35: ='Hoja 1 - Área y fuentes'!D20 -> DID-001 | G35: 165.6 | H35: mm | I35: Ejemplo didáctico | J35: ='Hoja 1 - Área y fuentes'!M20 -> Sustituir por IDEAM u otra fuente oficial | K35: Sustituir por dato oficial | L35: =IF(G35="","FALTANTE",IF(G35<0,"NEGATIVO",IF(H35<>"mm","UNIDAD",IF(COUNTIF($A$20:A35,A35)>1,"DUPLICADO","OK")))) -> OK | N35: 1992 | O35: =SUMIF($B$20:$B$379,N35,$G$20:$G$379) -> 1401.3 | P35: =COUNTIF($B$20:$B$379,N35) -> 12 | Q35: =IF(P35=12,"COMPLETO","REVISAR") -> COMPLETO
A36: 30072 | B36: 1982 | C36: 5 | D36: Mayo | E36: ='Hoja 1 - Área y fuentes'!C20 -> Serie sintética de capacitación | F36: ='Hoja 1 - Área y fuentes'!D20 -> DID-001 | G36: 153.2 | H36: mm | I36: Ejemplo didáctico | J36: ='Hoja 1 - Área y fuentes'!M20 -> Sustituir por IDEAM u otra fuente oficial | K36: Sustituir por dato oficial | L36: =IF(G36="","FALTANTE",IF(G36<0,"NEGATIVO",IF(H36<>"mm","UNIDAD",IF(COUNTIF($A$20:A36,A36)>1,"DUPLICADO","OK")))) -> OK | N36: 1993 | O36: =SUMIF($B$20:$B$379,N36,$G$20:$G$379) -> 1265.9 | P36: =COUNTIF($B$20:$B$379,N36) -> 12 | Q36: =IF(P36=12,"COMPLETO","REVISAR") -> COMPLETO
A37: 30103 | B37: 1982 | C37: 6 | D37: Junio | E37: ='Hoja 1 - Área y fuentes'!C20 -> Serie sintética de capacitación | F37: ='Hoja 1 - Área y fuentes'!D20 -> DID-001 | G37: 95.8 | H37: mm | I37: Ejemplo didáctico | J37: ='Hoja 1 - Área y fuentes'!M20 -> Sustituir por IDEAM u otra fuente oficial | K37: Sustituir por dato oficial | L37: =IF(G37="","FALTANTE",IF(G37<0,"NEGATIVO",IF(H37<>"mm","UNIDAD",IF(COUNTIF($A$20:A37,A37)>1,"DUPLICADO","OK")))) -> OK | N37: 1994 | O37: =SUMIF($B$20:$B$379,N37,$G$20:$G$379) -> 1144.6 | P37: =COUNTIF($B$20:$B$379,N37) -> 12 | Q37: =IF(P37=12,"COMPLETO","REVISAR") -> COMPLETO
A38: 30133 | B38: 1982 | C38: 7 | D38: Julio | E38: ='Hoja 1 - Área y fuentes'!C20 -> Serie sintética de capacitación | F38: ='Hoja 1 - Área y fuentes'!D20 -> DID-001 | G38: 80.4 | H38: mm | I38: Ejemplo didáctico | J38: ='Hoja 1 - Área y fuentes'!M20 -> Sustituir por IDEAM u otra fuente oficial | K38: Sustituir por dato oficial | L38: =IF(G38="","FALTANTE",IF(G38<0,"NEGATIVO",IF(H38<>"mm","UNIDAD",IF(COUNTIF($A$20:A38,A38)>1,"DUPLICADO","OK")))) -> OK | N38: 1995 | O38: =SUMIF($B$20:$B$379,N38,$G$20:$G$379) -> 1187.6 | P38: =COUNTIF($B$20:$B$379,N38) -> 12 | Q38: =IF(P38=12,"COMPLETO","REVISAR") -> COMPLETO
A39: 30164 | B39: 1982 | C39: 8 | D39: Agosto | E39: ='Hoja 1 - Área y fuentes'!C20 -> Serie sintética de capacitación | F39: ='Hoja 1 - Área y fuentes'!D20 -> DID-001 | G39: 86.1 | H39: mm | I39: Ejemplo didáctico | J39: ='Hoja 1 - Área y fuentes'!M20 -> Sustituir por IDEAM u otra fuente oficial | K39: Sustituir por dato oficial | L39: =IF(G39="","FALTANTE",IF(G39<0,"NEGATIVO",IF(H39<>"mm","UNIDAD",IF(COUNTIF($A$20:A39,A39)>1,"DUPLICADO","OK")))) -> OK | N39: 1996 | O39: =SUMIF($B$20:$B$379,N39,$G$20:$G$379) -> 1348.3 | P39: =COUNTIF($B$20:$B$379,N39) -> 12 | Q39: =IF(P39=12,"COMPLETO","REVISAR") -> COMPLETO
A40: 30195 | B40: 1982 | C40: 9 | D40: Septiembre | E40: ='Hoja 1 - Área y fuentes'!C20 -> Serie sintética de capacitación | F40: ='Hoja 1 - Área y fuentes'!D20 -> DID-001 | G40: 135.1 | H40: mm | I40: Ejemplo didáctico | J40: ='Hoja 1 - Área y fuentes'!M20 -> Sustituir por IDEAM u otra fuente oficial | K40: Sustituir por dato oficial | L40: =IF(G40="","FALTANTE",IF(G40<0,"NEGATIVO",IF(H40<>"mm","UNIDAD",IF(COUNTIF($A$20:A40,A40)>1,"DUPLICADO","OK")))) -> OK | N40: 1997 | O40: =SUMIF($B$20:$B$379,N40,$G$20:$G$379) -> 1446.9 | P40: =COUNTIF($B$20:$B$379,N40) -> 12 | Q40: =IF(P40=12,"COMPLETO","REVISAR") -> COMPLETO
A41: 30225 | B41: 1982 | C41: 10 | D41: Octubre | E41: ='Hoja 1 - Área y fuentes'!C20 -> Serie sintética de capacitación | F41: ='Hoja 1 - Área y fuentes'!D20 -> DID-001 | G41: 175 | H41: mm | I41: Ejemplo didáctico | J41: ='Hoja 1 - Área y fuentes'!M20 -> Sustituir por IDEAM u otra fuente oficial | K41: Sustituir por dato oficial | L41: =IF(G41="","FALTANTE",IF(G41<0,"NEGATIVO",IF(H41<>"mm","UNIDAD",IF(COUNTIF($A$20:A41,A41)>1,"DUPLICADO","OK")))) -> OK | N41: 1998 | O41: =SUMIF($B$20:$B$379,N41,$G$20:$G$379) -> 1211.1 | P41: =COUNTIF($B$20:$B$379,N41) -> 12 | Q41: =IF(P41=12,"COMPLETO","REVISAR") -> COMPLETO
A42: 30256 | B42: 1982 | C42: 11 | D42: Noviembre | E42: ='Hoja 1 - Área y fuentes'!C20 -> Serie sintética de capacitación | F42: ='Hoja 1 - Área y fuentes'!D20 -> DID-001 | G42: 144.2 | H42: mm | I42: Ejemplo didáctico | J42: ='Hoja 1 - Área y fuentes'!M20 -> Sustituir por IDEAM u otra fuente oficial | K42: Sustituir por dato oficial | L42: =IF(G42="","FALTANTE",IF(G42<0,"NEGATIVO",IF(H42<>"mm","UNIDAD",IF(COUNTIF($A$20:A42,A42)>1,"DUPLICADO","OK")))) -> OK | N42: 1999 | O42: =SUMIF($B$20:$B$379,N42,$G$20:$G$379) -> 1114.9 | P42: =COUNTIF($B$20:$B$379,N42) -> 12 | Q42: =IF(P42=12,"COMPLETO","REVISAR") -> COMPLETO | S42: Interpretación: examine estacionalidad, variación entre años, extremos y vacíos antes de trasladar la serie a la Hoja 4. Las gráficas son salidas de apoyo y no reemplazan la revisión de calidad.
A43: 30286 | B43: 1982 | C43: 12 | D43: Diciembre | E43: ='Hoja 1 - Área y fuentes'!C20 -> Serie sintética de capacitación | F43: ='Hoja 1 - Área y fuentes'!D20 -> DID-001 | G43: 85 | H43: mm | I43: Ejemplo didáctico | J43: ='Hoja 1 - Área y fuentes'!M20 -> Sustituir por IDEAM u otra fuente oficial | K43: Sustituir por dato oficial | L43: =IF(G43="","FALTANTE",IF(G43<0,"NEGATIVO",IF(H43<>"mm","UNIDAD",IF(COUNTIF($A$20:A43,A43)>1,"DUPLICADO","OK")))) -> OK | N43: 2000 | O43: =SUMIF($B$20:$B$379,N43,$G$20:$G$379) -> 1246.5 | P43: =COUNTIF($B$20:$B$379,N43) -> 12 | Q43: =IF(P43=12,"COMPLETO","REVISAR") -> COMPLETO
A44: 30317 | B44: 1983 | C44: 1 | D44: Enero | E44: ='Hoja 1 - Área y fuentes'!C20 -> Serie sintética de capacitación | F44: ='Hoja 1 - Área y fuentes'!D20 -> DID-001 | G44: 66.8 | H44: mm | I44: Ejemplo didáctico | J44: ='Hoja 1 - Área y fuentes'!M20 -> Sustituir por IDEAM u otra fuente oficial | K44: Sustituir por dato oficial | L44: =IF(G44="","FALTANTE",IF(G44<0,"NEGATIVO",IF(H44<>"mm","UNIDAD",IF(COUNTIF($A$20:A44,A44)>1,"DUPLICADO","OK")))) -> OK | N44: 2001 | O44: =SUMIF($B$20:$B$379,N44,$G$20:$G$379) -> 1390.5 | P44: =COUNTIF($B$20:$B$379,N44) -> 12 | Q44: =IF(P44=12,"COMPLETO","REVISAR") -> COMPLETO
A45: 30348 | B45: 1983 | C45: 2 | D45: Febrero | E45: ='Hoja 1 - Área y fuentes'!C20 -> Serie sintética de capacitación | F45: ='Hoja 1 - Área y fuentes'!D20 -> DID-001 | G45: 75.8 | H45: mm | I45: Ejemplo didáctico | J45: ='Hoja 1 - Área y fuentes'!M20 -> Sustituir por IDEAM u otra fuente oficial | K45: Sustituir por dato oficial | L45: =IF(G45="","FALTANTE",IF(G45<0,"NEGATIVO",IF(H45<>"mm","UNIDAD",IF(COUNTIF($A$20:A45,A45)>1,"DUPLICADO","OK")))) -> OK | N45: 2002 | O45: =SUMIF($B$20:$B$379,N45,$G$20:$G$379) -> 1363.8 | P45: =COUNTIF($B$20:$B$379,N45) -> 12 | Q45: =IF(P45=12,"COMPLETO","REVISAR") -> COMPLETO
A46: 30376 | B46: 1983 | C46: 3 | D46: Marzo | E46: ='Hoja 1 - Área y fuentes'!C20 -> Serie sintética de capacitación | F46: ='Hoja 1 - Área y fuentes'!D20 -> DID-001 | G46: 114.7 | H46: mm | I46: Ejemplo didáctico | J46: ='Hoja 1 - Área y fuentes'!M20 -> Sustituir por IDEAM u otra fuente oficial | K46: Sustituir por dato oficial | L46: =IF(G46="","FALTANTE",IF(G46<0,"NEGATIVO",IF(H46<>"mm","UNIDAD",IF(COUNTIF($A$20:A46,A46)>1,"DUPLICADO","OK")))) -> OK | N46: 2003 | O46: =SUMIF($B$20:$B$379,N46,$G$20:$G$379) -> 1197.7 | P46: =COUNTIF($B$20:$B$379,N46) -> 12 | Q46: =IF(P46=12,"COMPLETO","REVISAR") -> COMPLETO
A47: 30407 | B47: 1983 | C47: 4 | D47: Abril | E47: ='Hoja 1 - Área y fuentes'!C20 -> Serie sintética de capacitación | F47: ='Hoja 1 - Área y fuentes'!D20 -> DID-001 | G47: 168.7 | H47: mm | I47: Ejemplo didáctico | J47: ='Hoja 1 - Área y fuentes'!M20 -> Sustituir por IDEAM u otra fuente oficial | K47: Sustituir por dato oficial | L47: =IF(G47="","FALTANTE",IF(G47<0,"NEGATIVO",IF(H47<>"mm","UNIDAD",IF(COUNTIF($A$20:A47,A47)>1,"DUPLICADO","OK")))) -> OK | N47: 2004 | O47: =SUMIF($B$20:$B$379,N47,$G$20:$G$379) -> 1136.1 | P47: =COUNTIF($B$20:$B$379,N47) -> 12 | Q47: =IF(P47=12,"COMPLETO","REVISAR") -> COMPLETO
A48: 30437 | B48: 1983 | C48: 5 | D48: Mayo | E48: ='Hoja 1 - Área y fuentes'!C20 -> Serie sintética de capacitación | F48: ='Hoja 1 - Área y fuentes'!D20 -> DID-001 | G48: 153.5 | H48: mm | I48: Ejemplo didáctico | J48: ='Hoja 1 - Área y fuentes'!M20 -> Sustituir por IDEAM u otra fuente oficial | K48: Sustituir por dato oficial | L48: =IF(G48="","FALTANTE",IF(G48<0,"NEGATIVO",IF(H48<>"mm","UNIDAD",IF(COUNTIF($A$20:A48,A48)>1,"DUPLICADO","OK")))) -> OK | N48: 2005 | O48: =SUMIF($B$20:$B$379,N48,$G$20:$G$379) -> 1275.6 | P48: =COUNTIF($B$20:$B$379,N48) -> 12 | Q48: =IF(P48=12,"COMPLETO","REVISAR") -> COMPLETO
A49: 30468 | B49: 1983 | C49: 6 | D49: Junio | E49: ='Hoja 1 - Área y fuentes'!C20 -> Serie sintética de capacitación | F49: ='Hoja 1 - Área y fuentes'!D20 -> DID-001 | G49: 90 | H49: mm | I49: Ejemplo didáctico | J49: ='Hoja 1 - Área y fuentes'!M20 -> Sustituir por IDEAM u otra fuente oficial | K49: Sustituir por dato oficial | L49: =IF(G49="","FALTANTE",IF(G49<0,"NEGATIVO",IF(H49<>"mm","UNIDAD",IF(COUNTIF($A$20:A49,A49)>1,"DUPLICADO","OK")))) -> OK | N49: 2006 | O49: =SUMIF($B$20:$B$379,N49,$G$20:$G$379) -> 1408.2 | P49: =COUNTIF($B$20:$B$379,N49) -> 12 | Q49: =IF(P49=12,"COMPLETO","REVISAR") -> COMPLETO
A50: 30498 | B50: 1983 | C50: 7 | D50: Julio | E50: ='Hoja 1 - Área y fuentes'!C20 -> Serie sintética de capacitación | F50: ='Hoja 1 - Área y fuentes'!D20 -> DID-001 | G50: 71.1 | H50: mm | I50: Ejemplo didáctico | J50: ='Hoja 1 - Área y fuentes'!M20 -> Sustituir por IDEAM u otra fuente oficial | K50: Sustituir por dato oficial | L50: =IF(G50="","FALTANTE",IF(G50<0,"NEGATIVO",IF(H50<>"mm","UNIDAD",IF(COUNTIF($A$20:A50,A50)>1,"DUPLICADO","OK")))) -> OK | N50: 2007 | O50: =SUMIF($B$20:$B$379,N50,$G$20:$G$379) -> 1337.4 | P50: =COUNTIF($B$20:$B$379,N50) -> 12 | Q50: =IF(P50=12,"COMPLETO","REVISAR") -> COMPLETO
A51: 30529 | B51: 1983 | C51: 8 | D51: Agosto | E51: ='Hoja 1 - Área y fuentes'!C20 -> Serie sintética de capacitación | F51: ='Hoja 1 - Área y fuentes'!D20 -> DID-001 | G51: 76.3 | H51: mm | I51: Ejemplo didáctico | J51: ='Hoja 1 - Área y fuentes'!M20 -> Sustituir por IDEAM u otra fuente oficial | K51: Sustituir por dato oficial | L51: =IF(G51="","FALTANTE",IF(G51<0,"NEGATIVO",IF(H51<>"mm","UNIDAD",IF(COUNTIF($A$20:A51,A51)>1,"DUPLICADO","OK")))) -> OK | N51: 2008 | O51: =SUMIF($B$20:$B$379,N51,$G$20:$G$379) -> 1168.6 | P51: =COUNTIF($B$20:$B$379,N51) -> 12 | Q51: =IF(P51=12,"COMPLETO","REVISAR") -> COMPLETO
A52: 30560 | B52: 1983 | C52: 9 | D52: Septiembre | E52: ='Hoja 1 - Área y fuentes'!C20 -> Serie sintética de capacitación | F52: ='Hoja 1 - Área y fuentes'!D20 -> DID-001 | G52: 127.1 | H52: mm | I52: Ejemplo didáctico | J52: ='Hoja 1 - Área y fuentes'!M20 -> Sustituir por IDEAM u otra fuente oficial | K52: Sustituir por dato oficial | L52: =IF(G52="","FALTANTE",IF(G52<0,"NEGATIVO",IF(H52<>"mm","UNIDAD",IF(COUNTIF($A$20:A52,A52)>1,"DUPLICADO","OK")))) -> OK | N52: 2009 | O52: =SUMIF($B$20:$B$379,N52,$G$20:$G$379) -> 1147.8 | P52: =COUNTIF($B$20:$B$379,N52) -> 12 | Q52: =IF(P52=12,"COMPLETO","REVISAR") -> COMPLETO
A53: 30590 | B53: 1983 | C53: 10 | D53: Octubre | E53: ='Hoja 1 - Área y fuentes'!C20 -> Serie sintética de capacitación | F53: ='Hoja 1 - Área y fuentes'!D20 -> DID-001 | G53: 175.5 | H53: mm | I53: Ejemplo didáctico | J53: ='Hoja 1 - Área y fuentes'!M20 -> Sustituir por IDEAM u otra fuente oficial | K53: Sustituir por dato oficial | L53: =IF(G53="","FALTANTE",IF(G53<0,"NEGATIVO",IF(H53<>"mm","UNIDAD",IF(COUNTIF($A$20:A53,A53)>1,"DUPLICADO","OK")))) -> OK | N53: 2010 | O53: =SUMIF($B$20:$B$379,N53,$G$20:$G$379) -> 1307.5 | P53: =COUNTIF($B$20:$B$379,N53) -> 12 | Q53: =IF(P53=12,"COMPLETO","REVISAR") -> COMPLETO
A54: 30621 | B54: 1983 | C54: 11 | D54: Noviembre | E54: ='Hoja 1 - Área y fuentes'!C20 -> Serie sintética de capacitación | F54: ='Hoja 1 - Área y fuentes'!D20 -> DID-001 | G54: 146.8 | H54: mm | I54: Ejemplo didáctico | J54: ='Hoja 1 - Área y fuentes'!M20 -> Sustituir por IDEAM u otra fuente oficial | K54: Sustituir por dato oficial | L54: =IF(G54="","FALTANTE",IF(G54<0,"NEGATIVO",IF(H54<>"mm","UNIDAD",IF(COUNTIF($A$20:A54,A54)>1,"DUPLICADO","OK")))) -> OK
A55: 30651 | B55: 1983 | C55: 12 | D55: Diciembre | E55: ='Hoja 1 - Área y fuentes'!C20 -> Serie sintética de capacitación | F55: ='Hoja 1 - Área y fuentes'!D20 -> DID-001 | G55: 83.3 | H55: mm | I55: Ejemplo didáctico | J55: ='Hoja 1 - Área y fuentes'!M20 -> Sustituir por IDEAM u otra fuente oficial | K55: Sustituir por dato oficial | L55: =IF(G55="","FALTANTE",IF(G55<0,"NEGATIVO",IF(H55<>"mm","UNIDAD",IF(COUNTIF($A$20:A55,A55)>1,"DUPLICADO","OK")))) -> OK
A56: 30682 | B56: 1984 | C56: 1 | D56: Enero | E56: ='Hoja 1 - Área y fuentes'!C20 -> Serie sintética de capacitación | F56: ='Hoja 1 - Área y fuentes'!D20 -> DID-001 | G56: 57.1 | H56: mm | I56: Ejemplo didáctico | J56: ='Hoja 1 - Área y fuentes'!M20 -> Sustituir por IDEAM u otra fuente oficial | K56: Sustituir por dato oficial | L56: =IF(G56="","FALTANTE",IF(G56<0,"NEGATIVO",IF(H56<>"mm","UNIDAD",IF(COUNTIF($A$20:A56,A56)>1,"DUPLICADO","OK")))) -> OK
A57: 30713 | B57: 1984 | C57: 2 | D57: Febrero | E57: ='Hoja 1 - Área y fuentes'!C20 -> Serie sintética de capacitación | F57: ='Hoja 1 - Área y fuentes'!D20 -> DID-001 | G57: 68.2 | H57: mm | I57: Ejemplo didáctico | J57: ='Hoja 1 - Área y fuentes'!M20 -> Sustituir por IDEAM u otra fuente oficial | K57: Sustituir por dato oficial | L57: =IF(G57="","FALTANTE",IF(G57<0,"NEGATIVO",IF(H57<>"mm","UNIDAD",IF(COUNTIF($A$20:A57,A57)>1,"DUPLICADO","OK")))) -> OK
A58: 30742 | B58: 1984 | C58: 3 | D58: Marzo | E58: ='Hoja 1 - Área y fuentes'!C20 -> Serie sintética de capacitación | F58: ='Hoja 1 - Área y fuentes'!D20 -> DID-001 | G58: 106 | H58: mm | I58: Ejemplo didáctico | J58: ='Hoja 1 - Área y fuentes'!M20 -> Sustituir por IDEAM u otra fuente oficial | K58: Sustituir por dato oficial | L58: =IF(G58="","FALTANTE",IF(G58<0,"NEGATIVO",IF(H58<>"mm","UNIDAD",IF(COUNTIF($A$20:A58,A58)>1,"DUPLICADO","OK")))) -> OK
A59: 30773 | B59: 1984 | C59: 4 | D59: Abril | E59: ='Hoja 1 - Área y fuentes'!C20 -> Serie sintética de capacitación | F59: ='Hoja 1 - Área y fuentes'!D20 -> DID-001 | G59: 146 | H59: mm | I59: Ejemplo didáctico | J59: ='Hoja 1 - Área y fuentes'!M20 -> Sustituir por IDEAM u otra fuente oficial | K59: Sustituir por dato oficial | L59: =IF(G59="","FALTANTE",IF(G59<0,"NEGATIVO",IF(H59<>"mm","UNIDAD",IF(COUNTIF($A$20:A59,A59)>1,"DUPLICADO","OK")))) -> OK
A60: 30803 | B60: 1984 | C60: 5 | D60: Mayo | E60: ='Hoja 1 - Área y fuentes'!C20 -> Serie sintética de capacitación | F60: ='Hoja 1 - Área y fuentes'!D20 -> DID-001 | G60: 123.7 | H60: mm | I60: Ejemplo didáctico | J60: ='Hoja 1 - Área y fuentes'!M20 -> Sustituir por IDEAM u otra fuente oficial | K60: Sustituir por dato oficial | L60: =IF(G60="","FALTANTE",IF(G60<0,"NEGATIVO",IF(H60<>"mm","UNIDAD",IF(COUNTIF($A$20:A60,A60)>1,"DUPLICADO","OK")))) -> OK
A61: 30834 | B61: 1984 | C61: 6 | D61: Junio | E61: ='Hoja 1 - Área y fuentes'!C20 -> Serie sintética de capacitación | F61: ='Hoja 1 - Área y fuentes'!D20 -> DID-001 | G61: 76.1 | H61: mm | I61: Ejemplo didáctico | J61: ='Hoja 1 - Área y fuentes'!M20 -> Sustituir por IDEAM u otra fuente oficial | K61: Sustituir por dato oficial | L61: =IF(G61="","FALTANTE",IF(G61<0,"NEGATIVO",IF(H61<>"mm","UNIDAD",IF(COUNTIF($A$20:A61,A61)>1,"DUPLICADO","OK")))) -> OK
A62: 30864 | B62: 1984 | C62: 7 | D62: Julio | E62: ='Hoja 1 - Área y fuentes'!C20 -> Serie sintética de capacitación | F62: ='Hoja 1 - Área y fuentes'!D20 -> DID-001 | G62: 66.9 | H62: mm | I62: Ejemplo didáctico | J62: ='Hoja 1 - Área y fuentes'!M20 -> Sustituir por IDEAM u otra fuente oficial | K62: Sustituir por dato oficial | L62: =IF(G62="","FALTANTE",IF(G62<0,"NEGATIVO",IF(H62<>"mm","UNIDAD",IF(COUNTIF($A$20:A62,A62)>1,"DUPLICADO","OK")))) -> OK
A63: 30895 | B63: 1984 | C63: 8 | D63: Agosto | E63: ='Hoja 1 - Área y fuentes'!C20 -> Serie sintética de capacitación | F63: ='Hoja 1 - Área y fuentes'!D20 -> DID-001 | G63: 71.6 | H63: mm | I63: Ejemplo didáctico | J63: ='Hoja 1 - Área y fuentes'!M20 -> Sustituir por IDEAM u otra fuente oficial | K63: Sustituir por dato oficial | L63: =IF(G63="","FALTANTE",IF(G63<0,"NEGATIVO",IF(H63<>"mm","UNIDAD",IF(COUNTIF($A$20:A63,A63)>1,"DUPLICADO","OK")))) -> OK
A64: 30926 | B64: 1984 | C64: 9 | D64: Septiembre | E64: ='Hoja 1 - Área y fuentes'!C20 -> Serie sintética de capacitación | F64: ='Hoja 1 - Área y fuentes'!D20 -> DID-001 | G64: 107.3 | H64: mm | I64: Ejemplo didáctico | J64: ='Hoja 1 - Área y fuentes'!M20 -> Sustituir por IDEAM u otra fuente oficial | K64: Sustituir por dato oficial | L64: =IF(G64="","FALTANTE",IF(G64<0,"NEGATIVO",IF(H64<>"mm","UNIDAD",IF(COUNTIF($A$20:A64,A64)>1,"DUPLICADO","OK")))) -> OK
A65: 30956 | B65: 1984 | C65: 10 | D65: Octubre | E65: ='Hoja 1 - Área y fuentes'!C20 -> Serie sintética de capacitación | F65: ='Hoja 1 - Área y fuentes'!D20 -> DID-001 | G65: 141.5 | H65: mm | I65: Ejemplo didáctico | J65: ='Hoja 1 - Área y fuentes'!M20 -> Sustituir por IDEAM u otra fuente oficial | K65: Sustituir por dato oficial | L65: =IF(G65="","FALTANTE",IF(G65<0,"NEGATIVO",IF(H65<>"mm","UNIDAD",IF(COUNTIF($A$20:A65,A65)>1,"DUPLICADO","OK")))) -> OK
A66: 30987 | B66: 1984 | C66: 11 | D66: Noviembre | E66: ='Hoja 1 - Área y fuentes'!C20 -> Serie sintética de capacitación | F66: ='Hoja 1 - Área y fuentes'!D20 -> DID-001 | G66: 127.3 | H66: mm | I66: Ejemplo didáctico | J66: ='Hoja 1 - Área y fuentes'!M20 -> Sustituir por IDEAM u otra fuente oficial | K66: Sustituir por dato oficial | L66: =IF(G66="","FALTANTE",IF(G66<0,"NEGATIVO",IF(H66<>"mm","UNIDAD",IF(COUNTIF($A$20:A66,A66)>1,"DUPLICADO","OK")))) -> OK
A67: 31017 | B67: 1984 | C67: 12 | D67: Diciembre | E67: ='Hoja 1 - Área y fuentes'!C20 -> Serie sintética de capacitación | F67: ='Hoja 1 - Área y fuentes'!D20 -> DID-001 | G67: 77.1 | H67: mm | I67: Ejemplo didáctico | J67: ='Hoja 1 - Área y fuentes'!M20 -> Sustituir por IDEAM u otra fuente oficial | K67: Sustituir por dato oficial | L67: =IF(G67="","FALTANTE",IF(G67<0,"NEGATIVO",IF(H67<>"mm","UNIDAD",IF(COUNTIF($A$20:A67,A67)>1,"DUPLICADO","OK")))) -> OK
A68: 31048 | B68: 1985 | C68: 1 | D68: Enero | E68: ='Hoja 1 - Área y fuentes'!C20 -> Serie sintética de capacitación | F68: ='Hoja 1 - Área y fuentes'!D20 -> DID-001 | G68: 56.3 | H68: mm | I68: Ejemplo didáctico | J68: ='Hoja 1 - Área y fuentes'!M20 -> Sustituir por IDEAM u otra fuente oficial | K68: Sustituir por dato oficial | L68: =IF(G68="","FALTANTE",IF(G68<0,"NEGATIVO",IF(H68<>"mm","UNIDAD",IF(COUNTIF($A$20:A68,A68)>1,"DUPLICADO","OK")))) -> OK
A69: 31079 | B69: 1985 | C69: 2 | D69: Febrero | E69: ='Hoja 1 - Área y fuentes'!C20 -> Serie sintética de capacitación | F69: ='Hoja 1 - Área y fuentes'!D20 -> DID-001 | G69: 70.4 | H69: mm | I69: Ejemplo didáctico | J69: ='Hoja 1 - Área y fuentes'!M20 -> Sustituir por IDEAM u otra fuente oficial | K69: Sustituir por dato oficial | L69: =IF(G69="","FALTANTE",IF(G69<0,"NEGATIVO",IF(H69<>"mm","UNIDAD",IF(COUNTIF($A$20:A69,A69)>1,"DUPLICADO","OK")))) -> OK
A70: 31107 | B70: 1985 | C70: 3 | D70: Marzo | E70: ='Hoja 1 - Área y fuentes'!C20 -> Serie sintética de capacitación | F70: ='Hoja 1 - Área y fuentes'!D20 -> DID-001 | G70: 101.7 | H70: mm | I70: Ejemplo didáctico | J70: ='Hoja 1 - Área y fuentes'!M20 -> Sustituir por IDEAM u otra fuente oficial | K70: Sustituir por dato oficial | L70: =IF(G70="","FALTANTE",IF(G70<0,"NEGATIVO",IF(H70<>"mm","UNIDAD",IF(COUNTIF($A$20:A70,A70)>1,"DUPLICADO","OK")))) -> OK
A71: 31138 | B71: 1985 | C71: 4 | D71: Abril | E71: ='Hoja 1 - Área y fuentes'!C20 -> Serie sintética de capacitación | F71: ='Hoja 1 - Área y fuentes'!D20 -> DID-001 | G71: 133.4 | H71: mm | I71: Ejemplo didáctico | J71: ='Hoja 1 - Área y fuentes'!M20 -> Sustituir por IDEAM u otra fuente oficial | K71: Sustituir por dato oficial | L71: =IF(G71="","FALTANTE",IF(G71<0,"NEGATIVO",IF(H71<>"mm","UNIDAD",IF(COUNTIF($A$20:A71,A71)>1,"DUPLICADO","OK")))) -> OK
A72: 31168 | B72: 1985 | C72: 5 | D72: Mayo | E72: ='Hoja 1 - Área y fuentes'!C20 -> Serie sintética de capacitación | F72: ='Hoja 1 - Área y fuentes'!D20 -> DID-001 | G72: 127.4 | H72: mm | I72: Ejemplo didáctico | J72: ='Hoja 1 - Área y fuentes'!M20 -> Sustituir por IDEAM u otra fuente oficial | K72: Sustituir por dato oficial | L72: =IF(G72="","FALTANTE",IF(G72<0,"NEGATIVO",IF(H72<>"mm","UNIDAD",IF(COUNTIF($A$20:A72,A72)>1,"DUPLICADO","OK")))) -> OK
A73: 31199 | B73: 1985 | C73: 6 | D73: Junio | E73: ='Hoja 1 - Área y fuentes'!C20 -> Serie sintética de capacitación | F73: ='Hoja 1 - Área y fuentes'!D20 -> DID-001 | G73: 80.5 | H73: mm | I73: Ejemplo didáctico | J73: ='Hoja 1 - Área y fuentes'!M20 -> Sustituir por IDEAM u otra fuente oficial | K73: Sustituir por dato oficial | L73: =IF(G73="","FALTANTE",IF(G73<0,"NEGATIVO",IF(H73<>"mm","UNIDAD",IF(COUNTIF($A$20:A73,A73)>1,"DUPLICADO","OK")))) -> OK
A74: 31229 | B74: 1985 | C74: 7 | D74: Julio | E74: ='Hoja 1 - Área y fuentes'!C20 -> Serie sintética de capacitación | F74: ='Hoja 1 - Área y fuentes'!D20 -> DID-001 | G74: 61.4 | H74: mm | I74: Ejemplo didáctico | J74: ='Hoja 1 - Área y fuentes'!M20 -> Sustituir por IDEAM u otra fuente oficial | K74: Sustituir por dato oficial | L74: =IF(G74="","FALTANTE",IF(G74<0,"NEGATIVO",IF(H74<>"mm","UNIDAD",IF(COUNTIF($A$20:A74,A74)>1,"DUPLICADO","OK")))) -> OK
A75: 31260 | B75: 1985 | C75: 8 | D75: Agosto | E75: ='Hoja 1 - Área y fuentes'!C20 -> Serie sintética de capacitación | F75: ='Hoja 1 - Área y fuentes'!D20 -> DID-001 | G75: 65.9 | H75: mm | I75: Ejemplo didáctico | J75: ='Hoja 1 - Área y fuentes'!M20 -> Sustituir por IDEAM u otra fuente oficial | K75: Sustituir por dato oficial | L75: =IF(G75="","FALTANTE",IF(G75<0,"NEGATIVO",IF(H75<>"mm","UNIDAD",IF(COUNTIF($A$20:A75,A75)>1,"DUPLICADO","OK")))) -> OK
A76: 31291 | B76: 1985 | C76: 9 | D76: Septiembre | E76: ='Hoja 1 - Área y fuentes'!C20 -> Serie sintética de capacitación | F76: ='Hoja 1 - Área y fuentes'!D20 -> DID-001 | G76: 113.7 | H76: mm | I76: Ejemplo didáctico | J76: ='Hoja 1 - Área y fuentes'!M20 -> Sustituir por IDEAM u otra fuente oficial | K76: Sustituir por dato oficial | L76: =IF(G76="","FALTANTE",IF(G76<0,"NEGATIVO",IF(H76<>"mm","UNIDAD",IF(COUNTIF($A$20:A76,A76)>1,"DUPLICADO","OK")))) -> OK
A77: 31321 | B77: 1985 | C77: 10 | D77: Octubre | E77: ='Hoja 1 - Área y fuentes'!C20 -> Serie sintética de capacitación | F77: ='Hoja 1 - Área y fuentes'!D20 -> DID-001 | G77: 145.3 | H77: mm | I77: Ejemplo didáctico | J77: ='Hoja 1 - Área y fuentes'!M20 -> Sustituir por IDEAM u otra fuente oficial | K77: Sustituir por dato oficial | L77: =IF(G77="","FALTANTE",IF(G77<0,"NEGATIVO",IF(H77<>"mm","UNIDAD",IF(COUNTIF($A$20:A77,A77)>1,"DUPLICADO","OK")))) -> OK
A78: 31352 | B78: 1985 | C78: 11 | D78: Noviembre | E78: ='Hoja 1 - Área y fuentes'!C20 -> Serie sintética de capacitación | F78: ='Hoja 1 - Área y fuentes'!D20 -> DID-001 | G78: 116.2 | H78: mm | I78: Ejemplo didáctico | J78: ='Hoja 1 - Área y fuentes'!M20 -> Sustituir por IDEAM u otra fuente oficial | K78: Sustituir por dato oficial | L78: =IF(G78="","FALTANTE",IF(G78<0,"NEGATIVO",IF(H78<>"mm","UNIDAD",IF(COUNTIF($A$20:A78,A78)>1,"DUPLICADO","OK")))) -> OK
A79: 31382 | B79: 1985 | C79: 12 | D79: Diciembre | E79: ='Hoja 1 - Área y fuentes'!C20 -> Serie sintética de capacitación | F79: ='Hoja 1 - Área y fuentes'!D20 -> DID-001 | G79: 74.1 | H79: mm | I79: Ejemplo didáctico | J79: ='Hoja 1 - Área y fuentes'!M20 -> Sustituir por IDEAM u otra fuente oficial | K79: Sustituir por dato oficial | L79: =IF(G79="","FALTANTE",IF(G79<0,"NEGATIVO",IF(H79<>"mm","UNIDAD",IF(COUNTIF($A$20:A79,A79)>1,"DUPLICADO","OK")))) -> OK
A80: 31413 | B80: 1986 | C80: 1 | D80: Enero | E80: ='Hoja 1 - Área y fuentes'!C20 -> Serie sintética de capacitación | F80: ='Hoja 1 - Área y fuentes'!D20 -> DID-001 | G80: 66.1 | H80: mm | I80: Ejemplo didáctico | J80: ='Hoja 1 - Área y fuentes'!M20 -> Sustituir por IDEAM u otra fuente oficial | K80: Sustituir por dato oficial | L80: =IF(G80="","FALTANTE",IF(G80<0,"NEGATIVO",IF(H80<>"mm","UNIDAD",IF(COUNTIF($A$20:A80,A80)>1,"DUPLICADO","OK")))) -> OK
A81: 31444 | B81: 1986 | C81: 2 | D81: Febrero | E81: ='Hoja 1 - Área y fuentes'!C20 -> Serie sintética de capacitación | F81: ='Hoja 1 - Área y fuentes'!D20 -> DID-001 | G81: 80.3 | H81: mm | I81: Ejemplo didáctico | J81: ='Hoja 1 - Área y fuentes'!M20 -> Sustituir por IDEAM u otra fuente oficial | K81: Sustituir por dato oficial | L81: =IF(G81="","FALTANTE",IF(G81<0,"NEGATIVO",IF(H81<>"mm","UNIDAD",IF(COUNTIF($A$20:A81,A81)>1,"DUPLICADO","OK")))) -> OK
A82: 31472 | B82: 1986 | C82: 3 | D82: Marzo | E82: ='Hoja 1 - Área y fuentes'!C20 -> Serie sintética de capacitación | F82: ='Hoja 1 - Área y fuentes'!D20 -> DID-001 | G82: 109 | H82: mm | I82: Ejemplo didáctico | J82: ='Hoja 1 - Área y fuentes'!M20 -> Sustituir por IDEAM u otra fuente oficial | K82: Sustituir por dato oficial | L82: =IF(G82="","FALTANTE",IF(G82<0,"NEGATIVO",IF(H82<>"mm","UNIDAD",IF(COUNTIF($A$20:A82,A82)>1,"DUPLICADO","OK")))) -> OK
A83: 31503 | B83: 1986 | C83: 4 | D83: Abril | E83: ='Hoja 1 - Área y fuentes'!C20 -> Serie sintética de capacitación | F83: ='Hoja 1 - Área y fuentes'!D20 -> DID-001 | G83: 160.2 | H83: mm | I83: Ejemplo didáctico | J83: ='Hoja 1 - Área y fuentes'!M20 -> Sustituir por IDEAM u otra fuente oficial | K83: Sustituir por dato oficial | L83: =IF(G83="","FALTANTE",IF(G83<0,"NEGATIVO",IF(H83<>"mm","UNIDAD",IF(COUNTIF($A$20:A83,A83)>1,"DUPLICADO","OK")))) -> OK
A84: 31533 | B84: 1986 | C84: 5 | D84: Mayo | E84: ='Hoja 1 - Área y fuentes'!C20 -> Serie sintética de capacitación | F84: ='Hoja 1 - Área y fuentes'!D20 -> DID-001 | G84: 148.7 | H84: mm | I84: Ejemplo didáctico | J84: ='Hoja 1 - Área y fuentes'!M20 -> Sustituir por IDEAM u otra fuente oficial | K84: Sustituir por dato oficial | L84: =IF(G84="","FALTANTE",IF(G84<0,"NEGATIVO",IF(H84<>"mm","UNIDAD",IF(COUNTIF($A$20:A84,A84)>1,"DUPLICADO","OK")))) -> OK
A85: 31564 | B85: 1986 | C85: 6 | D85: Junio | E85: ='Hoja 1 - Área y fuentes'!C20 -> Serie sintética de capacitación | F85: ='Hoja 1 - Área y fuentes'!D20 -> DID-001 | G85: 83.7 | H85: mm | I85: Ejemplo didáctico | J85: ='Hoja 1 - Área y fuentes'!M20 -> Sustituir por IDEAM u otra fuente oficial | K85: Sustituir por dato oficial | L85: =IF(G85="","FALTANTE",IF(G85<0,"NEGATIVO",IF(H85<>"mm","UNIDAD",IF(COUNTIF($A$20:A85,A85)>1,"DUPLICADO","OK")))) -> OK
A86: 31594 | B86: 1986 | C86: 7 | D86: Julio | E86: ='Hoja 1 - Área y fuentes'!C20 -> Serie sintética de capacitación | F86: ='Hoja 1 - Área y fuentes'!D20 -> DID-001 | G86: 73.5 | H86: mm | I86: Ejemplo didáctico | J86: ='Hoja 1 - Área y fuentes'!M20 -> Sustituir por IDEAM u otra fuente oficial | K86: Sustituir por dato oficial | L86: =IF(G86="","FALTANTE",IF(G86<0,"NEGATIVO",IF(H86<>"mm","UNIDAD",IF(COUNTIF($A$20:A86,A86)>1,"DUPLICADO","OK")))) -> OK
A87: 31625 | B87: 1986 | C87: 8 | D87: Agosto | E87: ='Hoja 1 - Área y fuentes'!C20 -> Serie sintética de capacitación | F87: ='Hoja 1 - Área y fuentes'!D20 -> DID-001 | G87: 78.6 | H87: mm | I87: Ejemplo didáctico | J87: ='Hoja 1 - Área y fuentes'!M20 -> Sustituir por IDEAM u otra fuente oficial | K87: Sustituir por dato oficial | L87: =IF(G87="","FALTANTE",IF(G87<0,"NEGATIVO",IF(H87<>"mm","UNIDAD",IF(COUNTIF($A$20:A87,A87)>1,"DUPLICADO","OK")))) -> OK
A88: 31656 | B88: 1986 | C88: 9 | D88: Septiembre | E88: ='Hoja 1 - Área y fuentes'!C20 -> Serie sintética de capacitación | F88: ='Hoja 1 - Área y fuentes'!D20 -> DID-001 | G88: 118.2 | H88: mm | I88: Ejemplo didáctico | J88: ='Hoja 1 - Área y fuentes'!M20 -> Sustituir por IDEAM u otra fuente oficial | K88: Sustituir por dato oficial | L88: =IF(G88="","FALTANTE",IF(G88<0,"NEGATIVO",IF(H88<>"mm","UNIDAD",IF(COUNTIF($A$20:A88,A88)>1,"DUPLICADO","OK")))) -> OK
A89: 31686 | B89: 1986 | C89: 10 | D89: Octubre | E89: ='Hoja 1 - Área y fuentes'!C20 -> Serie sintética de capacitación | F89: ='Hoja 1 - Área y fuentes'!D20 -> DID-001 | G89: 170.1 | H89: mm | I89: Ejemplo didáctico | J89: ='Hoja 1 - Área y fuentes'!M20 -> Sustituir por IDEAM u otra fuente oficial | K89: Sustituir por dato oficial | L89: =IF(G89="","FALTANTE",IF(G89<0,"NEGATIVO",IF(H89<>"mm","UNIDAD",IF(COUNTIF($A$20:A89,A89)>1,"DUPLICADO","OK")))) -> OK
A90: 31717 | B90: 1986 | C90: 11 | D90: Noviembre | E90: ='Hoja 1 - Área y fuentes'!C20 -> Serie sintética de capacitación | F90: ='Hoja 1 - Área y fuentes'!D20 -> DID-001 | G90: 139.3 | H90: mm | I90: Ejemplo didáctico | J90: ='Hoja 1 - Área y fuentes'!M20 -> Sustituir por IDEAM u otra fuente oficial | K90: Sustituir por dato oficial | L90: =IF(G90="","FALTANTE",IF(G90<0,"NEGATIVO",IF(H90<>"mm","UNIDAD",IF(COUNTIF($A$20:A90,A90)>1,"DUPLICADO","OK")))) -> OK
A91: 31747 | B91: 1986 | C91: 12 | D91: Diciembre | E91: ='Hoja 1 - Área y fuentes'!C20 -> Serie sintética de capacitación | F91: ='Hoja 1 - Área y fuentes'!D20 -> DID-001 | G91: 79.3 | H91: mm | I91: Ejemplo didáctico | J91: ='Hoja 1 - Área y fuentes'!M20 -> Sustituir por IDEAM u otra fuente oficial | K91: Sustituir por dato oficial | L91: =IF(G91="","FALTANTE",IF(G91<0,"NEGATIVO",IF(H91<>"mm","UNIDAD",IF(COUNTIF($A$20:A91,A91)>1,"DUPLICADO","OK")))) -> OK
A92: 31778 | B92: 1987 | C92: 1 | D92: Enero | E92: ='Hoja 1 - Área y fuentes'!C20 -> Serie sintética de capacitación | F92: ='Hoja 1 - Área y fuentes'!D20 -> DID-001 | G92: 73.5 | H92: mm | I92: Ejemplo didáctico | J92: ='Hoja 1 - Área y fuentes'!M20 -> Sustituir por IDEAM u otra fuente oficial | K92: Sustituir por dato oficial | L92: =IF(G92="","FALTANTE",IF(G92<0,"NEGATIVO",IF(H92<>"mm","UNIDAD",IF(COUNTIF($A$20:A92,A92)>1,"DUPLICADO","OK")))) -> OK
A93: 31809 | B93: 1987 | C93: 2 | D93: Febrero | E93: ='Hoja 1 - Área y fuentes'!C20 -> Serie sintética de capacitación | F93: ='Hoja 1 - Área y fuentes'!D20 -> DID-001 | G93: 83.5 | H93: mm | I93: Ejemplo didáctico | J93: ='Hoja 1 - Área y fuentes'!M20 -> Sustituir por IDEAM u otra fuente oficial | K93: Sustituir por dato oficial | L93: =IF(G93="","FALTANTE",IF(G93<0,"NEGATIVO",IF(H93<>"mm","UNIDAD",IF(COUNTIF($A$20:A93,A93)>1,"DUPLICADO","OK")))) -> OK
A94: 31837 | B94: 1987 | C94: 3 | D94: Marzo | E94: ='Hoja 1 - Área y fuentes'!C20 -> Serie sintética de capacitación | F94: ='Hoja 1 - Área y fuentes'!D20 -> DID-001 | G94: 119.2 | H94: mm | I94: Ejemplo didáctico | J94: ='Hoja 1 - Área y fuentes'!M20 -> Sustituir por IDEAM u otra fuente oficial | K94: Sustituir por dato oficial | L94: =IF(G94="","FALTANTE",IF(G94<0,"NEGATIVO",IF(H94<>"mm","UNIDAD",IF(COUNTIF($A$20:A94,A94)>1,"DUPLICADO","OK")))) -> OK
A95: 31868 | B95: 1987 | C95: 4 | D95: Abril | E95: ='Hoja 1 - Área y fuentes'!C20 -> Serie sintética de capacitación | F95: ='Hoja 1 - Área y fuentes'!D20 -> DID-001 | G95: 178.5 | H95: mm | I95: Ejemplo didáctico | J95: ='Hoja 1 - Área y fuentes'!M20 -> Sustituir por IDEAM u otra fuente oficial | K95: Sustituir por dato oficial | L95: =IF(G95="","FALTANTE",IF(G95<0,"NEGATIVO",IF(H95<>"mm","UNIDAD",IF(COUNTIF($A$20:A95,A95)>1,"DUPLICADO","OK")))) -> OK
A96: 31898 | B96: 1987 | C96: 5 | D96: Mayo | E96: ='Hoja 1 - Área y fuentes'!C20 -> Serie sintética de capacitación | F96: ='Hoja 1 - Área y fuentes'!D20 -> DID-001 | G96: 149.2 | H96: mm | I96: Ejemplo didáctico | J96: ='Hoja 1 - Área y fuentes'!M20 -> Sustituir por IDEAM u otra fuente oficial | K96: Sustituir por dato oficial | L96: =IF(G96="","FALTANTE",IF(G96<0,"NEGATIVO",IF(H96<>"mm","UNIDAD",IF(COUNTIF($A$20:A96,A96)>1,"DUPLICADO","OK")))) -> OK
A97: 31929 | B97: 1987 | C97: 6 | D97: Junio | E97: ='Hoja 1 - Área y fuentes'!C20 -> Serie sintética de capacitación | F97: ='Hoja 1 - Área y fuentes'!D20 -> DID-001 | G97: 97.2 | H97: mm | I97: Ejemplo didáctico | J97: ='Hoja 1 - Área y fuentes'!M20 -> Sustituir por IDEAM u otra fuente oficial | K97: Sustituir por dato oficial | L97: =IF(G97="","FALTANTE",IF(G97<0,"NEGATIVO",IF(H97<>"mm","UNIDAD",IF(COUNTIF($A$20:A97,A97)>1,"DUPLICADO","OK")))) -> OK
A98: 31959 | B98: 1987 | C98: 7 | D98: Julio | E98: ='Hoja 1 - Área y fuentes'!C20 -> Serie sintética de capacitación | F98: ='Hoja 1 - Área y fuentes'!D20 -> DID-001 | G98: 76.8 | H98: mm | I98: Ejemplo didáctico | J98: ='Hoja 1 - Área y fuentes'!M20 -> Sustituir por IDEAM u otra fuente oficial | K98: Sustituir por dato oficial | L98: =IF(G98="","FALTANTE",IF(G98<0,"NEGATIVO",IF(H98<>"mm","UNIDAD",IF(COUNTIF($A$20:A98,A98)>1,"DUPLICADO","OK")))) -> OK
A99: 31990 | B99: 1987 | C99: 8 | D99: Agosto | E99: ='Hoja 1 - Área y fuentes'!C20 -> Serie sintética de capacitación | F99: ='Hoja 1 - Área y fuentes'!D20 -> DID-001 | G99: 82.4 | H99: mm | I99: Ejemplo didáctico | J99: ='Hoja 1 - Área y fuentes'!M20 -> Sustituir por IDEAM u otra fuente oficial | K99: Sustituir por dato oficial | L99: =IF(G99="","FALTANTE",IF(G99<0,"NEGATIVO",IF(H99<>"mm","UNIDAD",IF(COUNTIF($A$20:A99,A99)>1,"DUPLICADO","OK")))) -> OK
A100: 32021 | B100: 1987 | C100: 9 | D100: Septiembre | E100: ='Hoja 1 - Área y fuentes'!C20 -> Serie sintética de capacitación | F100: ='Hoja 1 - Área y fuentes'!D20 -> DID-001 | G100: 137.1 | H100: mm | I100: Ejemplo didáctico | J100: ='Hoja 1 - Área y fuentes'!M20 -> Sustituir por IDEAM u otra fuente oficial | K100: Sustituir por dato oficial | L100: =IF(G100="","FALTANTE",IF(G100<0,"NEGATIVO",IF(H100<>"mm","UNIDAD",IF(COUNTIF($A$20:A100,A100)>1,"DUPLICADO","OK")))) -> OK
A101: 32051 | B101: 1987 | C101: 10 | D101: Octubre | E101: ='Hoja 1 - Área y fuentes'!C20 -> Serie sintética de capacitación | F101: ='Hoja 1 - Área y fuentes'!D20 -> DID-001 | G101: 170.6 | H101: mm | I101: Ejemplo didáctico | J101: ='Hoja 1 - Área y fuentes'!M20 -> Sustituir por IDEAM u otra fuente oficial | K101: Sustituir por dato oficial | L101: =IF(G101="","FALTANTE",IF(G101<0,"NEGATIVO",IF(H101<>"mm","UNIDAD",IF(COUNTIF($A$20:A101,A101)>1,"DUPLICADO","OK")))) -> OK
A102: 32082 | B102: 1987 | C102: 11 | D102: Noviembre | E102: ='Hoja 1 - Área y fuentes'!C20 -> Serie sintética de capacitación | F102: ='Hoja 1 - Área y fuentes'!D20 -> DID-001 | G102: 155.6 | H102: mm | I102: Ejemplo didáctico | J102: ='Hoja 1 - Área y fuentes'!M20 -> Sustituir por IDEAM u otra fuente oficial | K102: Sustituir por dato oficial | L102: =IF(G102="","FALTANTE",IF(G102<0,"NEGATIVO",IF(H102<>"mm","UNIDAD",IF(COUNTIF($A$20:A102,A102)>1,"DUPLICADO","OK")))) -> OK
...

Sheet Hoja 3 - Proyecciones
A1: HOJA 3 · DATOS PROYECTADOS DE PRECIPITACIÓN
A2: Pregunta orientadora: ¿Cómo podría cambiar la precipitación bajo diferentes escenarios y horizontes? Registre proyecciones comparables con la referencia histórica y documente escenario, periodo, modelo, resolución, fuente e incertidumbre.
A4: LEYENDA | B4: Entrada | C4: Fórmula | D4: Alerta | E4: Ejemplo | F4: Unidades en encabezado
A6: TABLERO DE VALIDACIÓN DE PROYECCIONES | P6: RESUMEN POR ESCENARIO Y HORIZONTE
A7: Indicador | B7: Resultado | C7: Indicador | D7: Resultado | E7: Indicador | F7: Resultado | G7: Indicador | H7: Resultado | I7: Indicador | J7: Resultado | K7: Indicador | L7: Resultado | M7: Indicador | N7: Resultado | P7: Escenario | Q7: Horizonte | R7: Histórico anual (mm) | S7: Proyectado anual (mm) | T7: Cambio (%) | V7: Horizonte | W7: SSP1-2.6 | X7: SSP2-4.5 | Y7: SSP3-7.0 | Z7: SSP5-8.5
A8: Registros esperados | B8: 192 | C8: Registros cargados | D8: =COUNT(G20:G211) -> 192 | E8: Registros con alerta | F8: =COUNTIF(N20:N211,"<>OK") -> 0 | G8: Cambio mínimo | H8: =MIN(I20:I211) -> -0.18057196 | I8: Cambio máximo | J8: =MAX(I20:I211) -> 0.020612117 | K8: Referencia histórica | L8: =SUM('Hoja 2 - Histórico'!P8:P19) -> 1269.7733 | M8: Escenarios / horizontes | N8: 4 / 4 | P8: SSP1-2.6 | Q8: 2021-2040 | R8: =SUM('Hoja 2 - Histórico'!P8:P19) -> 1269.7733 | S8: =SUMIFS($G$20:$G$211,$A$20:$A$211,P8,$B$20:$B$211,Q8) -> 1295.3 | T8: =IF(R8=0,"",(S8-R8)/R8) -> 0.020103326 | V8: 2021-2040 | W8: =SUMIFS($G$20:$G$211,$A$20:$A$211,W$7,$B$20:$B$211,$V8) -> 1295.3 | X8: =SUMIFS($G$20:$G$211,$A$20:$A$211,X$7,$B$20:$B$211,$V8) -> 1282.6 | Y8: =SUMIFS($G$20:$G$211,$A$20:$A$211,Y$7,$B$20:$B$211,$V8) -> 1257.1 | Z8: =SUMIFS($G$20:$G$211,$A$20:$A$211,Z$7,$B$20:$B$211,$V8) -> 1244.4
A9: Naturaleza | B9: Proyección, no predicción | C9: Unidad requerida | D9: mm | E9: Periodo histórico | F9: 1981-2010 | G9: Modelos | H9: Conservar identificación | I9: Resolución | J9: Mensual | K9: Fuente | L9: Conservar URL/producto | M9: Fecha de consulta | N9: Registrar | P9: SSP1-2.6 | Q9: 2041-2060 | R9: =SUM('Hoja 2 - Histórico'!P8:P19) -> 1269.7733 | S9: =SUMIFS($G$20:$G$211,$A$20:$A$211,P9,$B$20:$B$211,Q9) -> 1282.6 | T9: =IF(R9=0,"",(S9-R9)/R9) -> 0.01010154 | V9: 2041-2060 | W9: =SUMIFS($G$20:$G$211,$A$20:$A$211,W$7,$B$20:$B$211,$V9) -> 1282.6 | X9: =SUMIFS($G$20:$G$211,$A$20:$A$211,X$7,$B$20:$B$211,$V9) -> 1244.4 | Y9: =SUMIFS($G$20:$G$211,$A$20:$A$211,Y$7,$B$20:$B$211,$V9) -> 1219 | Z9: =SUMIFS($G$20:$G$211,$A$20:$A$211,Z$7,$B$20:$B$211,$V9) -> 1193.6
A10: Control pedagógico | B10: Compare periodos equivalentes | C10: Control técnico | D10: No mezclar escalas/unidades | E10: Incertidumbre | F10: Declarar dispersión/modelos | G10: Salida | H10: Cambio absoluto y porcentual | I10: Producto | J10: Base trazable | K10: Uso posterior | L10: Hoja 4 | M10: Estado general | N10: =IF(F8=0,"APTA PARA ANÁLISIS","REVISAR") -> APTA PARA ANÁLISIS | P10: SSP1-2.6 | Q10: 2061-2080 | R10: =SUM('Hoja 2 - Histórico'!P8:P19) -> 1269.7733 | S10: =SUMIFS($G$20:$G$211,$A$20:$A$211,P10,$B$20:$B$211,Q10) -> 1257.1 | T10: =IF(R10=0,"",(S10-R10)/R10) -> -0.009980784 | V10: 2061-2080 | W10: =SUMIFS($G$20:$G$211,$A$20:$A$211,W$7,$B$20:$B$211,$V10) -> 1257.1 | X10: =SUMIFS($G$20:$G$211,$A$20:$A$211,X$7,$B$20:$B$211,$V10) -> 1219 | Y10: =SUMIFS($G$20:$G$211,$A$20:$A$211,Y$7,$B$20:$B$211,$V10) -> 1168.3 | Z10: =SUMIFS($G$20:$G$211,$A$20:$A$211,Z$7,$B$20:$B$211,$V10) -> 1117.5
P11: SSP1-2.6 | Q11: 2081-2100 | R11: =SUM('Hoja 2 - Histórico'!P8:P19) -> 1269.7733 | S11: =SUMIFS($G$20:$G$211,$A$20:$A$211,P11,$B$20:$B$211,Q11) -> 1244.4 | T11: =IF(R11=0,"",(S11-R11)/R11) -> -0.019982569 | V11: 2081-2100 | W11: =SUMIFS($G$20:$G$211,$A$20:$A$211,W$7,$B$20:$B$211,$V11) -> 1244.4 | X11: =SUMIFS($G$20:$G$211,$A$20:$A$211,X$7,$B$20:$B$211,$V11) -> 1193.6 | Y11: =SUMIFS($G$20:$G$211,$A$20:$A$211,Y$7,$B$20:$B$211,$V11) -> 1117.5 | Z11: =SUMIFS($G$20:$G$211,$A$20:$A$211,Z$7,$B$20:$B$211,$V11) -> 1041.3
A12: Los valores precargados son un conjunto demostrativo construido a partir de la climatología de la Hoja 2. Sustitúyalos por proyecciones oficiales o resultados de modelos y conserve el periodo de referencia, escenario, horizonte, modelo, resolución y fuente. | P12: SSP2-4.5 | Q12: 2021-2040 | R12: =SUM('Hoja 2 - Histórico'!P8:P19) -> 1269.7733 | S12: =SUMIFS($G$20:$G$211,$A$20:$A$211,P12,$B$20:$B$211,Q12) -> 1282.6 | T12: =IF(R12=0,"",(S12-R12)/R12) -> 0.01010154
P13: SSP2-4.5 | Q13: 2041-2060 | R13: =SUM('Hoja 2 - Histórico'!P8:P19) -> 1269.7733 | S13: =SUMIFS($G$20:$G$211,$A$20:$A$211,P13,$B$20:$B$211,Q13) -> 1244.4 | T13: =IF(R13=0,"",(S13-R13)/R13) -> -0.019982569
P14: SSP2-4.5 | Q14: 2061-2080 | R14: =SUM('Hoja 2 - Histórico'!P8:P19) -> 1269.7733 | S14: =SUMIFS($G$20:$G$211,$A$20:$A$211,P14,$B$20:$B$211,Q14) -> 1219 | T14: =IF(R14=0,"",(S14-R14)/R14) -> -0.039986139
P15: SSP2-4.5 | Q15: 2081-2100 | R15: =SUM('Hoja 2 - Histórico'!P8:P19) -> 1269.7733 | S15: =SUMIFS($G$20:$G$211,$A$20:$A$211,P15,$B$20:$B$211,Q15) -> 1193.6 | T15: =IF(R15=0,"",(S15-R15)/R15) -> -0.059989709
P16: SSP3-7.0 | Q16: 2021-2040 | R16: =SUM('Hoja 2 - Histórico'!P8:P19) -> 1269.7733 | S16: =SUMIFS($G$20:$G$211,$A$20:$A$211,P16,$B$20:$B$211,Q16) -> 1257.1 | T16: =IF(R16=0,"",(S16-R16)/R16) -> -0.009980784
A17: BASE TRAZABLE DE PROYECCIONES · 4 ESCENARIOS × 4 HORIZONTES × 12 MESES | P17: SSP3-7.0 | Q17: 2041-2060 | R17: =SUM('Hoja 2 - Histórico'!P8:P19) -> 1269.7733 | S17: =SUMIFS($G$20:$G$211,$A$20:$A$211,P17,$B$20:$B$211,Q17) -> 1219 | T17: =IF(R17=0,"",(S17-R17)/R17) -> -0.039986139
P18: SSP3-7.0 | Q18: 2061-2080 | R18: =SUM('Hoja 2 - Histórico'!P8:P19) -> 1269.7733 | S18: =SUMIFS($G$20:$G$211,$A$20:$A$211,P18,$B$20:$B$211,Q18) -> 1168.3 | T18: =IF(R18=0,"",(S18-R18)/R18) -> -0.079914525
A19: Escenario SSP | B19: Horizonte | C19: Año representativo | D19: Mes n.º | E19: Mes | F19: P histórica ref. (mm) | G19: P proyectada (mm) | H19: Cambio absoluto (mm) | I19: Cambio (%) | J19: Unidad | K19: Modelo / conjunto | L19: Fuente / producto | M19: Observaciones e incertidumbre | N19: Control | P19: SSP3-7.0 | Q19: 2081-2100 | R19: =SUM('Hoja 2 - Histórico'!P8:P19) -> 1269.7733 | S19: =SUMIFS($G$20:$G$211,$A$20:$A$211,P19,$B$20:$B$211,Q19) -> 1117.5 | T19: =IF(R19=0,"",(S19-R19)/R19) -> -0.11992167
A20: SSP1-2.6 | B20: 2021-2040 | C20: 2030 | D20: 1 | E20: Enero | F20: =INDEX('Hoja 2 - Histórico'!$P$8:$P$19,MATCH(D20,'Hoja 2 - Histórico'!$N$8:$N$19,0)) -> 64.923333 | G20: 66.2 | H20: =G20-F20 -> 1.2766667 | I20: =IF(F20=0,"",(G20-F20)/F20) -> 0.019664219 | J20: mm | K20: Conjunto demostrativo | L20: Sustituir por IDEAM/CMIP6 | M20: Ejemplo; declarar dispersión y limitaciones | N20: =IF(OR(G20<0,J20<>"mm",K20="",L20=""),"REVISAR","OK") -> OK | P20: SSP5-8.5 | Q20: 2021-2040 | R20: =SUM('Hoja 2 - Histórico'!P8:P19) -> 1269.7733 | S20: =SUMIFS($G$20:$G$211,$A$20:$A$211,P20,$B$20:$B$211,Q20) -> 1244.4 | T20: =IF(R20=0,"",(S20-R20)/R20) -> -0.019982569
A21: SSP1-2.6 | B21: 2021-2040 | C21: 2030 | D21: 2 | E21: Febrero | F21: =INDEX('Hoja 2 - Histórico'!$P$8:$P$19,MATCH(D21,'Hoja 2 - Histórico'!$N$8:$N$19,0)) -> 75.066667 | G21: 76.6 | H21: =G21-F21 -> 1.5333333 | I21: =IF(F21=0,"",(G21-F21)/F21) -> 0.020426288 | J21: mm | K21: Conjunto demostrativo | L21: Sustituir por IDEAM/CMIP6 | M21: Ejemplo; declarar dispersión y limitaciones | N21: =IF(OR(G21<0,J21<>"mm",K21="",L21=""),"REVISAR","OK") -> OK | P21: SSP5-8.5 | Q21: 2041-2060 | R21: =SUM('Hoja 2 - Histórico'!P8:P19) -> 1269.7733 | S21: =SUMIFS($G$20:$G$211,$A$20:$A$211,P21,$B$20:$B$211,Q21) -> 1193.6 | T21: =IF(R21=0,"",(S21-R21)/R21) -> -0.059989709
A22: SSP1-2.6 | B22: 2021-2040 | C22: 2030 | D22: 3 | E22: Marzo | F22: =INDEX('Hoja 2 - Histórico'!$P$8:$P$19,MATCH(D22,'Hoja 2 - Histórico'!$N$8:$N$19,0)) -> 110.1 | G22: 112.3 | H22: =G22-F22 -> 2.2 | I22: =IF(F22=0,"",(G22-F22)/F22) -> 0.019981835 | J22: mm | K22: Conjunto demostrativo | L22: Sustituir por IDEAM/CMIP6 | M22: Ejemplo; declarar dispersión y limitaciones | N22: =IF(OR(G22<0,J22<>"mm",K22="",L22=""),"REVISAR","OK") -> OK | P22: SSP5-8.5 | Q22: 2061-2080 | R22: =SUM('Hoja 2 - Histórico'!P8:P19) -> 1269.7733 | S22: =SUMIFS($G$20:$G$211,$A$20:$A$211,P22,$B$20:$B$211,Q22) -> 1117.5 | T22: =IF(R22=0,"",(S22-R22)/R22) -> -0.11992167
A23: SSP1-2.6 | B23: 2021-2040 | C23: 2030 | D23: 4 | E23: Abril | F23: =INDEX('Hoja 2 - Histórico'!$P$8:$P$19,MATCH(D23,'Hoja 2 - Histórico'!$N$8:$N$19,0)) -> 154.97 | G23: 158.1 | H23: =G23-F23 -> 3.13 | I23: =IF(F23=0,"",(G23-F23)/F23) -> 0.020197458 | J23: mm | K23: Conjunto demostrativo | L23: Sustituir por IDEAM/CMIP6 | M23: Ejemplo; declarar dispersión y limitaciones | N23: =IF(OR(G23<0,J23<>"mm",K23="",L23=""),"REVISAR","OK") -> OK | P23: SSP5-8.5 | Q23: 2081-2100 | R23: =SUM('Hoja 2 - Histórico'!P8:P19) -> 1269.7733 | S23: =SUMIFS($G$20:$G$211,$A$20:$A$211,P23,$B$20:$B$211,Q23) -> 1041.3 | T23: =IF(R23=0,"",(S23-R23)/R23) -> -0.17993238
A24: SSP1-2.6 | B24: 2021-2040 | C24: 2030 | D24: 5 | E24: Mayo | F24: =INDEX('Hoja 2 - Histórico'!$P$8:$P$19,MATCH(D24,'Hoja 2 - Histórico'!$N$8:$N$19,0)) -> 139.87333 | G24: 142.7 | H24: =G24-F24 -> 2.8266667 | I24: =IF(F24=0,"",(G24-F24)/F24) -> 0.02020876 | J24: mm | K24: Conjunto demostrativo | L24: Sustituir por IDEAM/CMIP6 | M24: Ejemplo; declarar dispersión y limitaciones | N24: =IF(OR(G24<0,J24<>"mm",K24="",L24=""),"REVISAR","OK") -> OK
A25: SSP1-2.6 | B25: 2021-2040 | C25: 2030 | D25: 6 | E25: Junio | F25: =INDEX('Hoja 2 - Histórico'!$P$8:$P$19,MATCH(D25,'Hoja 2 - Histórico'!$N$8:$N$19,0)) -> 84.956667 | G25: 86.7 | H25: =G25-F25 -> 1.7433333 | I25: =IF(F25=0,"",(G25-F25)/F25) -> 0.020520265 | J25: mm | K25: Conjunto demostrativo | L25: Sustituir por IDEAM/CMIP6 | M25: Ejemplo; declarar dispersión y limitaciones | N25: =IF(OR(G25<0,J25<>"mm",K25="",L25=""),"REVISAR","OK") -> OK
A26: SSP1-2.6 | B26: 2021-2040 | C26: 2030 | D26: 7 | E26: Julio | F26: =INDEX('Hoja 2 - Histórico'!$P$8:$P$19,MATCH(D26,'Hoja 2 - Histórico'!$N$8:$N$19,0)) -> 70.03 | G26: 71.4 | H26: =G26-F26 -> 1.37 | I26: =IF(F26=0,"",(G26-F26)/F26) -> 0.019563044 | J26: mm | K26: Conjunto demostrativo | L26: Sustituir por IDEAM/CMIP6 | M26: Ejemplo; declarar dispersión y limitaciones | N26: =IF(OR(G26<0,J26<>"mm",K26="",L26=""),"REVISAR","OK") -> OK
A27: SSP1-2.6 | B27: 2021-2040 | C27: 2030 | D27: 8 | E27: Agosto | F27: =INDEX('Hoja 2 - Histórico'!$P$8:$P$19,MATCH(D27,'Hoja 2 - Histórico'!$N$8:$N$19,0)) -> 75.036667 | G27: 76.5 | H27: =G27-F27 -> 1.4633333 | I27: =IF(F27=0,"",(G27-F27)/F27) -> 0.019501577 | J27: mm | K27: Conjunto demostrativo | L27: Sustituir por IDEAM/CMIP6 | M27: Ejemplo; declarar dispersión y limitaciones | N27: =IF(OR(G27<0,J27<>"mm",K27="",L27=""),"REVISAR","OK") -> OK
A28: SSP1-2.6 | B28: 2021-2040 | C28: 2030 | D28: 9 | E28: Septiembre | F28: =INDEX('Hoja 2 - Histórico'!$P$8:$P$19,MATCH(D28,'Hoja 2 - Histórico'!$N$8:$N$19,0)) -> 119.96667 | G28: 122.4 | H28: =G28-F28 -> 2.4333333 | I28: =IF(F28=0,"",(G28-F28)/F28) -> 0.020283412 | J28: mm | K28: Conjunto demostrativo | L28: Sustituir por IDEAM/CMIP6 | M28: Ejemplo; declarar dispersión y limitaciones | N28: =IF(OR(G28<0,J28<>"mm",K28="",L28=""),"REVISAR","OK") -> OK
A29: SSP1-2.6 | B29: 2021-2040 | C29: 2030 | D29: 10 | E29: Octubre | F29: =INDEX('Hoja 2 - Histórico'!$P$8:$P$19,MATCH(D29,'Hoja 2 - Histórico'!$N$8:$N$19,0)) -> 159.85333 | G29: 163.1 | H29: =G29-F29 -> 3.2466667 | I29: =IF(F29=0,"",(G29-F29)/F29) -> 0.020310284 | J29: mm | K29: Conjunto demostrativo | L29: Sustituir por IDEAM/CMIP6 | M29: Ejemplo; declarar dispersión y limitaciones | N29: =IF(OR(G29<0,J29<>"mm",K29="",L29=""),"REVISAR","OK") -> OK
A30: SSP1-2.6 | B30: 2021-2040 | C30: 2030 | D30: 11 | E30: Noviembre | F30: =INDEX('Hoja 2 - Histórico'!$P$8:$P$19,MATCH(D30,'Hoja 2 - Histórico'!$N$8:$N$19,0)) -> 134.94667 | G30: 137.6 | H30: =G30-F30 -> 2.6533333 | I30: =IF(F30=0,"",(G30-F30)/F30) -> 0.019662089 | J30: mm | K30: Conjunto demostrativo | L30: Sustituir por IDEAM/CMIP6 | M30: Ejemplo; declarar dispersión y limitaciones | N30: =IF(OR(G30<0,J30<>"mm",K30="",L30=""),"REVISAR","OK") -> OK
A31: SSP1-2.6 | B31: 2021-2040 | C31: 2030 | D31: 12 | E31: Diciembre | F31: =INDEX('Hoja 2 - Histórico'!$P$8:$P$19,MATCH(D31,'Hoja 2 - Histórico'!$N$8:$N$19,0)) -> 80.05 | G31: 81.7 | H31: =G31-F31 -> 1.65 | I31: =IF(F31=0,"",(G31-F31)/F31) -> 0.020612117 | J31: mm | K31: Conjunto demostrativo | L31: Sustituir por IDEAM/CMIP6 | M31: Ejemplo; declarar dispersión y limitaciones | N31: =IF(OR(G31<0,J31<>"mm",K31="",L31=""),"REVISAR","OK") -> OK
A32: SSP1-2.6 | B32: 2041-2060 | C32: 2050 | D32: 1 | E32: Enero | F32: =INDEX('Hoja 2 - Histórico'!$P$8:$P$19,MATCH(D32,'Hoja 2 - Histórico'!$N$8:$N$19,0)) -> 64.923333 | G32: 65.6 | H32: =G32-F32 -> 0.67666667 | I32: =IF(F32=0,"",(G32-F32)/F32) -> 0.01042255 | J32: mm | K32: Conjunto demostrativo | L32: Sustituir por IDEAM/CMIP6 | M32: Ejemplo; declarar dispersión y limitaciones | N32: =IF(OR(G32<0,J32<>"mm",K32="",L32=""),"REVISAR","OK") -> OK
A33: SSP1-2.6 | B33: 2041-2060 | C33: 2050 | D33: 2 | E33: Febrero | F33: =INDEX('Hoja 2 - Histórico'!$P$8:$P$19,MATCH(D33,'Hoja 2 - Histórico'!$N$8:$N$19,0)) -> 75.066667 | G33: 75.8 | H33: =G33-F33 -> 0.73333333 | I33: =IF(F33=0,"",(G33-F33)/F33) -> 0.0097690941 | J33: mm | K33: Conjunto demostrativo | L33: Sustituir por IDEAM/CMIP6 | M33: Ejemplo; declarar dispersión y limitaciones | N33: =IF(OR(G33<0,J33<>"mm",K33="",L33=""),"REVISAR","OK") -> OK
A34: SSP1-2.6 | B34: 2041-2060 | C34: 2050 | D34: 3 | E34: Marzo | F34: =INDEX('Hoja 2 - Histórico'!$P$8:$P$19,MATCH(D34,'Hoja 2 - Histórico'!$N$8:$N$19,0)) -> 110.1 | G34: 111.2 | H34: =G34-F34 -> 1.1 | I34: =IF(F34=0,"",(G34-F34)/F34) -> 0.0099909173 | J34: mm | K34: Conjunto demostrativo | L34: Sustituir por IDEAM/CMIP6 | M34: Ejemplo; declarar dispersión y limitaciones | N34: =IF(OR(G34<0,J34<>"mm",K34="",L34=""),"REVISAR","OK") -> OK
A35: SSP1-2.6 | B35: 2041-2060 | C35: 2050 | D35: 4 | E35: Abril | F35: =INDEX('Hoja 2 - Histórico'!$P$8:$P$19,MATCH(D35,'Hoja 2 - Histórico'!$N$8:$N$19,0)) -> 154.97 | G35: 156.5 | H35: =G35-F35 -> 1.53 | I35: =IF(F35=0,"",(G35-F35)/F35) -> 0.0098728786 | J35: mm | K35: Conjunto demostrativo | L35: Sustituir por IDEAM/CMIP6 | M35: Ejemplo; declarar dispersión y limitaciones | N35: =IF(OR(G35<0,J35<>"mm",K35="",L35=""),"REVISAR","OK") -> OK
... A45: SSP1-2.6 | B45: 2061-2080 | C45: 2070 | D45: 2 | E45: Febrero | F45: =INDEX('Hoja 2 - Histórico'!$P$8:$P$19,MATCH(D45,'Hoja 2 - Histórico'!$N$8:$N$19,0)) -> 75.066667 | G45: 74.3 | H45: =G45-F45 -> -0.76666667 | I45: =IF(F45=0,"",(G45-F45)/F45) -> -0.010213144 | J45: mm | K45: Conjunto demostrativo | L45: Sustituir por IDEAM/CMIP6 | M45: Ejemplo; declarar dispersión y limitaciones | N45: =IF(OR(G45<0,J45<>"mm",K45="",L45=""),"REVISAR","OK") -> OK
A46: SSP1-2.6 | B46: 2061-2080 | C46: 2070 | D46: 3 | E46: Marzo | F46: =INDEX('Hoja 2 - Histórico'!$P$8:$P$19,MATCH(D46,'Hoja 2 - Histórico'!$N$8:$N$19,0)) -> 110.1 | G46: 109 | H46: =G46-F46 -> -1.1 | I46: =IF(F46=0,"",(G46-F46)/F46) -> -0.0099909173 | J46: mm | K46: Conjunto demostrativo | L46: Sustituir por IDEAM/CMIP6 | M46: Ejemplo; declarar dispersión y limitaciones | N46: =IF(OR(G46<0,J46<>"mm",K46="",L46=""),"REVISAR","OK") -> OK | P46: Interpretación: el escenario no es una predicción exacta. Compare horizontes equivalentes, observe magnitud y dirección del cambio, declare la incertidumbre y transfiera a la Hoja 4 únicamente series con unidad, escala, periodo y fuente compatibles.
A47: SSP1-2.6 | B47: 2061-2080 | C47: 2070 | D47: 4 | E47: Abril | F47: =INDEX('Hoja 2 - Histórico'!$P$8:$P$19,MATCH(D47,'Hoja 2 - Histórico'!$N$8:$N$19,0)) -> 154.97 | G47: 153.4 | H47: =G47-F47 -> -1.57 | I47: =IF(F47=0,"",(G47-F47)/F47) -> -0.010130993 | J47: mm | K47: Conjunto demostrativo | L47: Sustituir por IDEAM/CMIP6 | M47: Ejemplo; declarar dispersión y limitaciones | N47: =IF(OR(G47<0,J47<>"mm",K47="",L47=""),"REVISAR","OK") -> OK
A48: SSP1-2.6 | B48: 2061-2080 | C48: 2070 | D48: 5 | E48: Mayo | F48: =INDEX('Hoja 2 - Histórico'!$P$8:$P$19,MATCH(D48,'Hoja 2 - Histórico'!$N$8:$N$19,0)) -> 139.87333 | G48: 138.5 | H48: =G48-F48 -> -1.3733333 | I48: =IF(F48=0,"",(G48-F48)/F48) -> -0.0098184071 | J48: mm | K48: Conjunto demostrativo | L48: Sustituir por IDEAM/CMIP6 | M48: Ejemplo; declarar dispersión y limitaciones | N48: =IF(OR(G48<0,J48<>"mm",K48="",L48=""),"REVISAR","OK") -> OK
A49: SSP1-2.6 | B49: 2061-2080 | C49: 2070 | D49: 6 | E49: Junio | F49: =INDEX('Hoja 2 - Histórico'!$P$8:$P$19,MATCH(D49,'Hoja 2 - Histórico'!$N$8:$N$19,0)) -> 84.956667 | G49: 84.1 | H49: =G49-F49 -> -0.85666667 | I49: =IF(F49=0,"",(G49-F49)/F49) -> -0.010083572 | J49: mm | K49: Conjunto demostrativo | L49: Sustituir por IDEAM/CMIP6 | M49: Ejemplo; declarar dispersión y limitaciones | N49: =IF(OR(G49<0,J49<>"mm",K49="",L49=""),"REVISAR","OK") -> OK
A50: SSP1-2.6 | B50: 2061-2080 | C50: 2070 | D50: 7 | E50: Julio | F50: =INDEX('Hoja 2 - Histórico'!$P$8:$P$19,MATCH(D50,'Hoja 2 - Histórico'!$N$8:$N$19,0)) -> 70.03 | G50: 69.3 | H50: =G50-F50 -> -0.73 | I50: =IF(F50=0,"",(G50-F50)/F50) -> -0.010424104 | J50: mm | K50: Conjunto demostrativo | L50: Sustituir por IDEAM/CMIP6 | M50: Ejemplo; declarar dispersión y limitaciones | N50: =IF(OR(G50<0,J50<>"mm",K50="",L50=""),"REVISAR","OK") -> OK
A51: SSP1-2.6 | B51: 2061-2080 | C51: 2070 | D51: 8 | E51: Agosto | F51: =INDEX('Hoja 2 - Histórico'!$P$8:$P$19,MATCH(D51,'Hoja 2 - Histórico'!$N$8:$N$19,0)) -> 75.036667 | G51: 74.3 | H51: =G51-F51 -> -0.73666667 | I51: =IF(F51=0,"",(G51-F51)/F51) -> -0.0098174226 | J51: mm | K51: Conjunto demostrativo | L51: Sustituir por IDEAM/CMIP6 | M51: Ejemplo; declarar dispersión y limitaciones | N51: =IF(OR(G51<0,J51<>"mm",K51="",L51=""),"REVISAR","OK") -> OK
A52: SSP1-2.6 | B52: 2061-2080 | C52: 2070 | D52: 9 | E52: Septiembre | F52: =INDEX('Hoja 2 - Histórico'!$P$8:$P$19,MATCH(D52,'Hoja 2 - Histórico'!$N$8:$N$19,0)) -> 119.96667 | G52: 118.8 | H52: =G52-F52 -> -1.1666667 | I52: =IF(F52=0,"",(G52-F52)/F52) -> -0.0097249236 | J52: mm | K52: Conjunto demostrativo | L52: Sustituir por IDEAM/CMIP6 | M52: Ejemplo; declarar dispersión y limitaciones | N52: =IF(OR(G52<0,J52<>"mm",K52="",L52=""),"REVISAR","OK") -> OK
A53: SSP1-2.6 | B53: 2061-2080 | C53: 2070 | D53: 10 | E53: Octubre | F53: =INDEX('Hoja 2 - Histórico'!$P$8:$P$19,MATCH(D53,'Hoja 2 - Histórico'!$N$8:$N$19,0)) -> 159.85333 | G53: 158.3 | H53: =G53-F53 -> -1.5533333 | I53: =IF(F53=0,"",(G53-F53)/F53) -> -0.0097172408 | J53: mm | K53: Conjunto demostrativo | L53: Sustituir por IDEAM/CMIP6 | M53: Ejemplo; declarar dispersión y limitaciones | N53: =IF(OR(G53<0,J53<>"mm",K53="",L53=""),"REVISAR","OK") -> OK
A54: SSP1-2.6 | B54: 2061-2080 | C54: 2070 | D54: 11 | E54: Noviembre | F54: =INDEX('Hoja 2 - Histórico'!$P$8:$P$19,MATCH(D54,'Hoja 2 - Histórico'!$N$8:$N$19,0)) -> 134.94667 | G54: 133.6 | H54: =G54-F54 -> -1.3466667 | I54: =IF(F54=0,"",(G54-F54)/F54) -> -0.0099792511 | J54: mm | K54: Conjunto demostrativo | L54: Sustituir por IDEAM/CMIP6 | M54: Ejemplo; declarar dispersión y limitaciones | N54: =IF(OR(G54<0,J54<>"mm",K54="",L54=""),"REVISAR","OK") -> OK
A55: SSP1-2.6 | B55: 2061-2080 | C55: 2070 | D55: 12 | E55: Diciembre | F55: =INDEX('Hoja 2 - Histórico'!$P$8:$P$19,MATCH(D55,'Hoja 2 - Histórico'!$N$8:$N$19,0)) -> 80.05 | G55: 79.2 | H55: =G55-F55 -> -0.85 | I55: =IF(F55=0,"",(G55-F55)/F55) -> -0.010618364 | J55: mm | K55: Conjunto demostrativo | L55: Sustituir por IDEAM/CMIP6 | M55: Ejemplo; declarar dispersión y limitaciones | N55: =IF(OR(G55<0,J55<>"mm",K55="",L55=""),"REVISAR","OK") -> OK
A56: SSP1-2.6 | B56: 2081-2100 | C56: 2090 | D56: 1 | E56: Enero | F56: =INDEX('Hoja 2 - Histórico'!$P$8:$P$19,MATCH(D56,'Hoja 2 - Histórico'!$N$8:$N$19,0)) -> 64.923333 | G56: 63.6 | H56: =G56-F56 -> -1.3233333 | I56: =IF(F56=0,"",(G56-F56)/F56) -> -0.020383016 | J56: mm | K56: Conjunto demostrativo | L56: Sustituir por IDEAM/CMIP6 | M56: Ejemplo; declarar dispersión y limitaciones | N56: =IF(OR(G56<0,J56<>"mm",K56="",L56=""),"REVISAR","OK") -> OK
A57: SSP1-2.6 | B57: 2081-2100 | C57: 2090 | D57: 2 | E57: Febrero | F57: =INDEX('Hoja 2 - Histórico'!$P$8:$P$19,MATCH(D57,'Hoja 2 - Histórico'!$N$8:$N$19,0)) -> 75.066667 | G57: 73.6 | H57: =G57-F57 -> -1.4666667 | I57: =IF(F57=0,"",(G57-F57)/F57) -> -0.019538188 | J57: mm | K57: Conjunto demostrativo | L57: Sustituir por IDEAM/CMIP6 | M57: Ejemplo; declarar dispersión y limitaciones | N57: =IF(OR(G57<0,J57<>"mm",K57="",L57=""),"REVISAR","OK") -> OK
A58: SSP1-2.6 | B58: 2081-2100 | C58: 2090 | D58: 3 | E58: Marzo | F58: =INDEX('Hoja 2 - Histórico'!$P$8:$P$19,MATCH(D58,'Hoja 2 - Histórico'!$N$8:$N$19,0)) -> 110.1 | G58: 107.9 | H58: =G58-F58 -> -2.2 | I58: =IF(F58=0,"",(G58-F58)/F58) -> -0.019981835 | J58: mm | K58: Conjunto demostrativo | L58: Sustituir por IDEAM/CMIP6 | M58: Ejemplo; declarar dispersión y limitaciones | N58: =IF(OR(G58<0,J58<>"mm",K58="",L58=""),"REVISAR","OK") -> OK
... A211: SSP5-8.5 | B211: 2081-2100 | C211: 2090 | D211: 12 | E211: Diciembre | F211: =INDEX('Hoja 2 - Histórico'!$P$8:$P$19,MATCH(D211,'Hoja 2 - Histórico'!$N$8:$N$19,0)) -> 80.05 | G211: 65.6 | H211: =G211-F211 -> -14.45 | I211: =IF(F211=0,"",(G211-F211)/F211) -> -0.18051218 | J211: mm | K211: Conjunto demostrativo | L211: Sustituir por IDEAM/CMIP6 | M211: Ejemplo; declarar dispersión y limitaciones | N211: =IF(OR(G211<0,J211<>"mm",K211="",L211=""),"REVISAR","OK") -> OK
